"","PointID","Site","Seasons","Visit_21","Visit_22","Visit_23","Dates_21","Dates_22","Dates_23","Observers_21","Observers_22","Observers_23"
"1","BC NAC","Broad Cove","2022","","1, 2","","","5/23/2022, 6/22/2022","","","JLG",""
"2","BC REF","Broad Cove","2022, 2023","","1, 2","1, 2","","5/23/2022, 6/22/2022","5/22/2023, 6/28/2023","","JLG","JLG/LG, JLG"
"3","BC RUN","Broad Cove","2022, 2023","","1, 2","1, 2","","5/23/2022, 6/22/2022","5/22/2023, 6/28/2023","","JLG","JLG/LG, JLG"
"4","CN NAC","Canonchet","2022, 2023","","1, 2","1, 2","","6/2/2022, 7/7/2022","6/24/2023, 7/15/2023","","SM","JH"
"5","CN REF","Canonchet","2022, 2023","","1","1, 2","","6/2/2022","6/24/2023, 7/15/2023","","SM","JH"
"6","CN RUN","Canonchet","2022, 2023","","1","1, 2","","6/2/2022","6/24/2023, 7/15/2023","","SM","JH"
"7","DPR NAC South","Plum Island","2021, 2023","1, 2","","1, 2","6/23/2021, 7/7/2021","","6/12/2023, 7/21/2023","JLG/JGM, JGM/NA","","JGM"
"8","DPR REF North","Plum Island","2021, 2023","1, 2","","1, 2","6/23/2021, 7/7/2021","","6/12/2023, 7/21/2023","ARP/NA, JGM/NA","","JGM"
"9","DPR REF South","Plum Island","2021, 2023","1, 2","","1, 2","6/23/2021, 7/7/2021","","6/12/2023, 7/21/2023","ARP/NA, JGM/NA","","JGM"
"10","DPR RUN North","Plum Island","2021, 2023","1, 2","","1, 2","6/23/2021, 7/7/2021","","6/12/2023, 7/21/2023","ARP/NA, JGM/NA","","JGM"
"11","DPR RUN South","Plum Island","2021, 2023","1, 2","","1, 2","6/23/2021, 7/7/2021","","6/12/2023, 7/21/2023","ARP/NA, JGM/NA","","JGM"
"12","Essex NAC North","Essex","2022, 2023","","1, 2","1, 2","","5/27/2022, 6/20/2022","6/15/2023, 7/19/2023","","JLG","JLG, JGM"
"13","Essex NAC South","Essex","2022, 2023","","1, 2","1, 2","","5/27/2022, 6/20/2022","6/15/2023, 7/19/2023","","JLG","JLG, JGM"
"14","Essex REF North","Essex","2022","","1, 2","","","5/27/2022, 6/20/2022","","","JLG",""
"15","Essex REF South","Essex","2022, 2023","","1, 2","1, 2","","5/27/2022, 6/20/2022","6/15/2023, 7/19/2023","","JLG","JLG, JGM"
"16","Essex RUN North","Essex","2022, 2023","","1, 2","1, 2","","5/27/2022, 6/20/2022","6/15/2023, 7/19/2023","","JLG","JLG, JGM"
"17","Essex RUN South","Essex","2022, 2023","","1, 2","1, 2","","5/27/2022, 6/20/2022","6/15/2023, 7/19/2023","","JLG","JLG, JGM"
"18","Ipswich NAC East","Ipswich","2022","","1, 2","","","5/27/2022, 6/20/2022","","","JLG",""
"19","Ipswich REF East","Ipswich","2022","","1, 2","","","5/27/2022, 6/20/2022","","","JLG",""
"20","Ipswich RUN East","Ipswich","2022","","1, 2","","","5/27/2022, 6/20/2022","","","JLG",""
"21","JP NAC","Jacob's Point","2021, 2023","1, 2","","1, 2","5/24/2021, 6/3/2021","","6/16/2023, 7/12/2023","ADF","","JH"
"22","JP RUN","Jacob's Point","2021, 2023","1, 2","","1, 2","5/24/2021, 6/3/2021","","6/16/2023, 7/12/2023","ADF","","JH"
"23","Kents NAC","Kent's Island","2022, 2023","","1, 2","1, 2","","5/31/2022, 7/5/2022","6/6/2023, 7/11/2023","","JLG","JLG"
"24","Kents REF","Kent's Island","2022, 2023","","1, 2","1, 2","","5/31/2022, 7/5/2022","6/6/2023, 7/11/2023","","JLG","JLG"
"25","Kents RUN","Kent's Island","2022, 2023","","1, 2","1, 2","","5/31/2022, 7/5/2022","6/6/2023, 7/11/2023","","JLG","JLG"
"26","MD NAC","Middlebridge","2022, 2023","","1, 2","1, 2","","6/23/2022, 7/7/2022","6/23/2023, 7/10/2023","","SM","JH"
"27","MD REF","Middlebridge","2022, 2023","","1, 2","1, 2","","6/1/2022, 6/29/2022","6/23/2023, 7/10/2023","","SM, JH","JH"
"28","MD RUN","Middlebridge","2022, 2023","","1, 2","1, 2","","6/23/2022, 7/7/2022","6/23/2023, 7/10/2023","","SM","JH"
"29","MM NAC","Moody Marsh","2021, 2023","1, 2","","1, 2","6/18/2021, 7/7/2021","","6/7/2023, 7/17/2023","ARP/NA","","JLG/LG, JGM"
"30","MM REF","Moody Marsh","2021, 2023","1, 2","","1, 2","6/18/2021, 7/7/2021","","6/7/2023, 7/17/2023","ARP/NA","","JLG/LG, JLG"
"31","MM RUN","Moody Marsh","2021, 2023","1, 2","","1, 2","6/18/2021, 7/7/2021","","6/7/2023, 7/17/2023","ARP/NA","","JLG/LG, JLG"
"32","NR NAC","Narrow River","2022, 2023","","1","1, 2","","5/31/2022","6/23/2023, 7/10/2023","","SM","JH"
"33","NR REF","Narrow River","2022, 2023","","1, 2","1, 2","","5/31/2022, 6/29/2022","6/24/2023, 7/10/2023","","SM, JH","JH"
"34","NR RUN","Narrow River","2022, 2023","","1, 2","1, 2","","6/2/2022, 6/29/2022","6/24/2023, 7/10/2023","","SM, JH","JH"
"35","OTH NAC","Old Town Hill","2022, 2023","","1, 2","1, 2","","5/31/2022, 7/5/2022","6/6/2023, 7/7/2023","","JLG","JLG"
"36","OTH REF","Old Town Hill","2022, 2023","","1, 2","1, 2","","5/31/2022, 7/5/2022","6/6/2023, 7/7/2023","","JLG","JLG"
"37","OTH RUN","Old Town Hill","2022, 2023","","1, 2","1, 2","","5/31/2022, 7/5/2022","6/6/2023, 7/7/2023","","JLG","JLG"
"38","PINE NAC","Pine Island","2021, 2023","1, 2","","1, 2","6/23/2021, 7/7/2021","","6/8/2023, 7/18/2023","JLG/JGM, JLG/NA","","JGM"
"39","PINE REF North","Pine Island","2021, 2023","1, 2","","1, 2","6/23/2021, 7/7/2021","","6/8/2023, 7/18/2023","ARP/NA, JLG/NA","","JGM"
"40","PINE REF South","Pine Island","2021, 2023","1, 2","","1, 2","6/23/2021, 7/7/2021","","6/8/2023, 7/18/2023","JLG/JGM, JLG/NA","","JGM"
"41","PINE RUN North","Pine Island","2021, 2023","1, 2","","1, 2","6/23/2021, 7/7/2021","","6/8/2023, 7/18/2023","ARP/NA, JLG/NA","","JGM"
"42","PINE RUN South","Pine Island","2021, 2023","1, 2","","1, 2","6/23/2021, 7/7/2021","","6/8/2023, 7/18/2023","JLG/JGM, JLG/NA","","JGM"
"43","PLHA NAC","Plum Island","2022, 2023","","1, 2","1, 2","","6/1/2022, 6/28/2022","6/12/2023, 7/21/2023","","JLG","JLG"
"44","PLHA REF North","Plum Island","2022, 2023","","1, 2","1, 2","","6/1/2022, 6/28/2022","6/12/2023, 7/21/2023","","JLG","JLG"
"45","PLHA REF South","Plum Island","2022, 2023","","1, 2","1, 2","","6/1/2022, 6/28/2022","6/12/2023, 7/21/2023","","JLG","JLG"
"46","PLHA RUN North","Plum Island","2022, 2023","","1, 2","1, 2","","6/1/2022, 6/28/2022","6/12/2023, 7/21/2023","","JLG","JLG"
"47","PLHA RUN South","Plum Island","2022, 2023","","1, 2","1, 2","","6/1/2022, 6/28/2022","6/12/2023, 7/21/2023","","JLG","JLG"
"48","PP NAC","Potter's Pond","2021, 2023","1, 2","","1, 2","5/13/2021, 6/23/2021","","5/21/2023, 6/19/2023","ADF, JAH","","JH"
"49","PP REF","Potter's Pond","2021, 2023","1, 2","","1, 2","5/12/2021, 6/15/2021","","5/21/2023, 6/19/2023","ADF, JAH","","JH"
"50","PP RUN","Potter's Pond","2021, 2023","1, 2","","1, 2","5/13/2021, 6/15/2021","","5/21/2023, 6/19/2023","ADF, JAH","","JH"
"51","RM NAC","Round Marsh","2023","","","1, 2","","","5/31/2023, 6/26/2023","","","JH"
"52","RM REF","Round Marsh","2021, 2023","1, 2","","1, 2","5/19/2021, 6/7/2021","","5/31/2023, 6/26/2023","ADF","","JH"
"53","RM RUN","Round Marsh","2021, 2023","1, 2","","1, 2","5/19/2021, 6/7/2021","","5/31/2023, 6/26/2023","ADF","","JH"
"54","SP NAC","Sapowet","2022, 2023","","1, 2","1, 2","","5/13/2022, 7/11/2022","6/4/2023, 7/9/2023","","JH","JH"
"55","SP REF","Sapowet","2022, 2023","","1, 2","1, 2","","5/13/2022, 7/11/2022","6/4/2023, 7/9/2023","","JH","JH"
"56","SP RUN North","Sapowet","2022, 2023","","1, 2","1, 2","","5/13/2022, 7/11/2022","6/4/2023, 7/9/2023","","JH","JH"
"57","SP RUN South","Sapowet","2023","","","1, 2","","","6/4/2023, 7/9/2023","","","JH"
"58","WPF NAC","Weekapaug Foundation","2021, 2023","1","","1, 2","5/10/2021","","5/20/2023, 6/2/2023","ADF","","JH"
"59","WPF RUN","Weekapaug Foundation","2021, 2023","1","","1, 2","5/10/2021","","5/20/2023, 6/2/2023","ADF","","JH"
"60","WPTL NAC","Winnapaug Town Land","2021, 2023","1","","1, 2","5/10/2021","","5/20/2023, 6/2/2023","ADF","","JH"
"61","WPTL REF","Winnapaug Town Land","2021, 2023","1","","1, 2","5/10/2021","","5/20/2023, 6/2/2023","ADF","","JH"
"62","WPTL RUN","Winnapaug Town Land","2021, 2023","1","","1, 2","5/10/2021","","5/20/2023, 6/2/2023","ADF","","JH"
