"","Site_Date","X","PointID","Year","VisitNum","DistBand","RegionNum","State","Site","Treatment","runnel_age","Point_X","Point_Y","SurveyWindow","SurveyDate","Month","Day","Observer","Tide","SurveyTime","TempF","Sky","WindSp","Noise","richness","shannon","totalbirds","saltysparrow","AGWT","ALFL","AMCR","AMDU","AMGO","AMOY","AMRE","AMRO","BANS","BAOR","BARS","BBGU","BBPL","BCCH","BHCO","BLJA","BLPW","BOBO","BRTH","CAGO","CANG","CARW","CEDW","CHSP","CHSW","CLRA","COEI","COGR","COTE","COYE","CSWA","DCCO","DUNL","EAKI","EAPH","EATO","EUST","EWPW","GBBG","GBHE","GCFL","GLIB","GRCA","GREG","GRHE","GRYE","GWTE","HAWO","HERG","HETH","HOFI","HOSP","HOWR","KILL","LBHE","LESA","LETE","LEYE","MALL","MAWR","MODO","MUSW","NESP","NOCA","NOGO","NOMO","NRWS","OROR","OSPR","PAWA","PEEP","PUMA","RBME","RECR","RTHA","RUBL","RWBL","SALS","SAND","SBDO","SEOW","SEPL","SESA","SESP","SNEG","SOSP","SPSA","STSP","TRES","TUTI","TUVU","UNK_SP","VIRA","Warbler","WEVI","WIFL","WILL","WITU","WOTH","WREN","WRSA","YEWA","Aerial","Carnivorous","Dabbler","Marsh","Mudflat","Piscivore","Scavengers","Upland","Wading","Panne_Dependent","weighted_wetland_score"
"1","BC NAC 5/23/2022  ",1,"BC NAC",2022,1,"0-50m",2,"MA","Broad Cove","No Action",NA,-71.1339,41.795,1,"5/23/2022",5,23,"JLG","Low","8:22",66,2,2,3,5,1.52,9,2,0,0,0,0,0,0,0,0,0,0,0,0,0,0,0,0,0,0,0,0,0,0,0,0,0,0,0,2,0,0,0,0,0,0,0,0,0,0,0,0,0,0,0,0,0,1,0,0,0,0,0,0,0,0,0,0,0,0,0,0,0,0,0,0,0,0,0,0,0,0,0,0,0,0,0,0,3,2,0,0,0,0,0,0,0,1,0,0,0,0,0,0,0,0,0,0,0,0,0,0,0,0,0,0,0,66.7,11.1,0,0,22.2,0,11.1,2.78
"2","BC NAC 6/22/2022  ",2,"BC NAC",2022,2,"0-50m",2,"MA","Broad Cove","No Action",NA,-71.1339,41.795,2,"6/22/2022",6,22,"JLG","Low/Falling","7:41",63,2,1,2,3,0.92,11,0,0,0,0,0,0,0,0,0,0,0,0,0,0,0,0,0,0,0,0,0,0,0,0,0,0,0,0,0,0,1,0,0,0,0,0,0,0,0,0,0,0,0,0,0,0,0,0,0,0,0,0,0,0,0,0,0,0,0,0,0,0,0,0,0,0,0,0,0,0,0,0,0,0,0,0,0,6,0,0,0,0,0,0,0,0,4,0,0,0,0,0,0,0,0,0,0,0,0,0,0,0,0,0,0,0,90.9,0,0,0,9.1,0,0,2.27
"3","BC REF 5/22/2023  ",5,"BC REF",2023,1,"0-50m",2,"MA","Broad Cove","Reference",NA,-71.13286,41.79348,1,"5/22/2023",5,22,"JLG/LG","Low/Rising","7:28",54,0,1,2,7,1.78,20,3,0,0,0,0,0,0,0,0,0,0,0,0,0,0,0,0,0,0,0,0,0,0,0,0,0,0,0,0,0,1,0,0,0,0,0,0,4,0,0,0,0,0,0,0,0,0,0,0,0,0,0,0,0,0,0,0,0,0,3,0,0,2,0,0,0,0,0,0,0,0,0,0,0,0,0,0,6,3,0,0,0,0,0,0,0,1,0,0,0,0,0,0,0,0,0,0,0,0,0,0,0,0,0,0,25,50,0,0,0,25,0,25,3.1
"4","BC REF 5/23/2022  ",3,"BC REF",2022,1,"0-50m",2,"MA","Broad Cove","Reference",NA,-71.13286,41.79348,1,"5/23/2022",5,23,"JLG","Low","8:44",64,2,3,3,5,1.56,6,0,0,1,0,0,0,0,0,0,0,0,0,0,0,0,0,0,0,0,0,0,0,0,0,0,0,0,0,0,0,0,0,0,0,0,0,0,0,0,0,0,0,0,0,0,0,0,0,0,0,0,0,0,0,0,0,0,0,0,0,0,1,0,0,0,0,0,0,0,0,0,0,0,0,0,0,0,2,0,0,0,0,0,0,0,0,1,0,0,0,0,0,0,0,0,0,0,0,0,0,0,0,1,16.7,0,0,66.7,0,0,0,16.7,0,0,1.83
"5","BC REF 6/22/2022  ",4,"BC REF",2022,2,"0-50m",2,"MA","Broad Cove","Reference",NA,-71.13286,41.79348,2,"6/22/2022",6,22,"JLG","Low/Falling","7:21",61,2,1,2,4,1.21,8,2,0,0,0,0,0,0,0,0,0,0,0,0,0,0,0,0,0,0,0,0,0,0,0,0,0,0,0,0,0,0,1,0,0,0,0,0,0,0,0,0,0,0,0,0,0,0,0,0,0,0,0,0,0,0,0,0,0,0,0,0,0,0,0,0,0,0,0,0,0,0,0,0,0,0,0,0,4,2,0,0,0,0,0,0,0,1,0,0,0,0,0,0,0,0,0,0,0,0,0,0,0,0,0,0,0,87.5,0,0,0,12.5,0,0,2.88
"6","BC REF 6/28/2023  ",6,"BC REF",2023,2,"0-50m",2,"MA","Broad Cove","Reference",NA,-71.13286,41.79348,2,"6/28/2023",6,28,"JLG","Low","8:13",68,2,0,2,3,0.96,7,0,0,0,2,0,0,0,0,0,0,0,0,0,0,0,0,0,0,0,0,0,0,0,0,0,0,0,0,0,0,0,0,0,0,0,0,0,0,0,0,0,0,0,0,0,0,0,0,0,0,0,0,0,0,0,0,0,0,0,0,0,0,0,0,1,0,0,0,0,0,0,0,0,0,0,0,0,4,0,0,0,0,0,0,0,0,0,0,0,0,0,0,0,0,0,0,0,0,0,0,0,0,0,0,0,0,57.1,0,0,0,42.9,0,0,1.71
"7","BC RUN 5/22/2023  ",9,"BC RUN",2023,1,"0-50m",2,"MA","Broad Cove","Runnel",6,-71.13327,41.7925,1,"5/22/2023",5,22,"JLG/LG","Low/Rising","7:28",54,0,1,2,6,1.68,17,1,0,0,0,0,0,0,0,0,0,0,0,0,0,0,0,0,0,0,0,0,0,0,0,0,0,0,0,0,0,0,0,0,0,0,0,0,0,0,0,0,0,0,0,0,0,0,0,0,0,0,0,0,0,0,0,0,0,0,5,0,3,0,0,0,0,0,0,0,2,0,0,0,0,0,0,0,4,1,0,0,0,0,0,0,0,2,0,0,0,0,0,0,0,0,0,0,0,0,0,0,0,0,0,0,29.4,58.8,0,11.8,0,0,0,41.2,3.18
"8","BC RUN 5/23/2022  ",7,"BC RUN",2022,1,"0-50m",2,"MA","Broad Cove","Runnel",5,-71.13327,41.7925,1,"5/23/2022",5,23,"JLG","Low","9:00",67,2,3,2,3,0.87,6,0,0,0,0,0,0,0,0,0,0,0,0,0,0,0,0,0,0,0,0,0,0,0,0,0,0,0,0,0,0,0,0,0,0,0,0,0,0,0,0,0,0,0,0,0,0,0,0,0,0,0,0,0,0,0,0,0,0,0,0,0,0,0,0,0,0,0,0,0,0,0,0,0,0,0,0,0,4,0,0,0,0,0,0,0,0,1,0,0,0,0,0,0,0,0,0,0,0,0,1,0,0,0,0,0,0,83.3,0,0,0,16.7,0,0,2.17
"9","BC RUN 6/22/2022  ",8,"BC RUN",2022,2,"0-50m",2,"MA","Broad Cove","Runnel",5,-71.13327,41.7925,2,"6/22/2022",6,22,"JLG","Low/Falling","7:08",61,2,1,2,3,0.85,9,0,0,0,0,0,0,0,0,1,0,0,0,0,0,0,0,0,0,0,0,0,0,0,0,0,0,0,0,0,0,0,0,0,0,0,0,0,0,0,0,0,0,0,0,0,0,0,0,0,0,0,0,2,0,0,0,0,0,0,0,0,0,0,0,0,0,0,0,0,0,0,0,0,0,0,0,0,6,0,0,0,0,0,0,0,0,0,0,0,0,0,0,0,0,0,0,0,0,0,0,0,0,0,0,0,0,88.9,0,0,0,11.1,0,0,2
"10","BC RUN 6/28/2023  ",10,"BC RUN",2023,2,"0-50m",2,"MA","Broad Cove","Runnel",6,-71.13327,41.7925,2,"6/28/2023",6,28,"JLG","Low","7:59",68,2,0,2,4,1,9,1,0,0,0,0,0,0,0,0,0,0,0,0,0,0,0,1,0,0,0,0,0,0,0,0,0,0,0,0,0,0,0,0,0,0,0,0,0,0,0,0,0,0,0,0,0,0,0,0,0,0,0,0,0,0,0,0,0,0,0,0,0,0,0,0,0,0,0,0,0,0,0,0,0,0,0,0,6,1,0,0,0,0,0,0,0,0,0,0,1,0,0,0,0,0,0,0,0,0,0,0,0,0,11.1,0,0,77.8,0,0,0,11.1,0,0,2.67
"11","CN NAC 6/2/2022  ",11,"CN NAC",2022,1,"0-50m",3,"RI","Canonchet","No Action",NA,41.442441,-71.458731,2,"6/2/2022",6,2,"SM","High/Rising","727",58,2,1,1,2,0.64,3,2,0,0,0,0,0,0,0,0,0,0,0,0,0,0,0,0,0,0,0,0,0,0,0,0,0,0,0,0,0,1,0,0,0,0,0,0,0,0,0,0,0,0,0,0,0,0,0,0,0,0,0,0,0,0,0,0,0,0,0,0,0,0,0,0,0,0,0,0,0,0,0,0,0,0,0,0,0,2,0,0,0,0,0,0,0,0,0,0,0,0,0,0,0,0,0,0,0,0,0,0,0,0,0,0,0,66.7,0,0,0,33.3,0,0,4.33
"12","CN NAC 6/24/2023  ",13,"CN NAC",2023,1,"0-50m",3,"RI","Canonchet","No Action",NA,-71.458731,41.442441,2,"6/24/2023",6,24,"JH","Low","626",67,2,0,0,3,1.04,4,1,0,0,0,0,0,0,0,0,0,0,0,0,0,0,0,0,0,0,0,0,0,0,0,0,0,0,0,0,0,0,0,0,0,0,0,0,0,0,0,0,0,0,0,0,0,0,0,0,0,0,0,0,0,0,0,0,0,0,0,0,0,0,0,0,0,0,0,0,0,0,0,0,0,0,0,0,1,1,0,0,0,0,0,0,0,0,0,0,0,0,0,0,0,0,0,0,2,0,0,0,0,0,0,0,0,50,50,0,0,0,0,50,4.5
"13","CN NAC 7/15/2023  ",14,"CN NAC",2023,2,"0-50m",3,"RI","Canonchet","No Action",NA,-71.458731,41.442441,3,"7/15/2023",7,15,"JH","High/Falling","728",74,2,0,1,5,1.3,14,5,0,0,0,0,0,0,0,0,0,0,6,0,0,0,0,0,0,0,0,0,0,0,0,0,0,0,0,0,0,0,0,0,0,0,0,0,0,0,0,0,0,0,0,0,0,0,0,0,0,0,0,0,0,0,0,0,0,0,0,0,0,0,0,0,0,0,0,0,0,0,0,0,0,0,0,0,1,5,0,0,0,0,0,0,0,0,0,0,1,0,0,0,0,0,0,0,1,0,0,0,0,0,50,0,0,42.9,7.1,0,0,0,0,7.1,2.43
"14","CN NAC 7/7/2022  ",12,"CN NAC",2022,2,"0-50m",3,"RI","Canonchet","No Action",NA,41.442441,-71.458731,3,"7/7/2022",7,7,"SM","Low/Falling","734",69,0,0,1,5,1.6,16,3,0,0,0,0,0,0,0,0,0,0,3,0,0,0,0,0,0,0,0,0,0,0,0,0,0,0,0,0,0,0,0,0,0,0,0,0,0,0,0,0,0,0,0,0,0,0,0,0,0,0,0,0,0,0,0,4,0,0,0,0,0,0,0,0,0,0,0,0,0,0,0,0,0,0,0,0,3,3,0,3,0,0,0,0,0,0,0,0,0,0,0,0,0,0,0,0,0,0,0,0,0,0,18.8,0,0,37.5,43.8,0,0,0,0,43.8,3.69
"15","CN REF 6/2/2022  ",15,"CN REF",2022,1,"0-50m",3,"RI","Canonchet","Reference",NA,-71.458492,41.444235,2,"6/2/2022",6,2,"SM","High/Rising","707",58,2,1,1,2,0.69,4,2,0,0,0,0,0,0,0,0,0,0,0,0,0,0,0,0,0,0,0,0,0,0,0,0,0,0,0,0,0,0,0,0,0,0,0,0,0,0,0,0,0,0,0,0,0,0,0,0,0,0,0,0,0,0,0,0,0,0,0,0,0,0,0,0,0,0,0,0,2,0,0,0,0,0,0,0,0,2,0,0,0,0,0,0,0,0,0,0,0,0,0,0,0,0,0,0,0,0,0,0,0,0,0,0,0,50,0,50,0,0,0,50,5
"16","CN REF 6/24/2023  ",16,"CN REF",2023,1,"0-50m",3,"RI","Canonchet","Reference",NA,-71.458492,41.444235,2,"6/24/2023",6,24,"JH","Low","642",67,2,0,1,4,1.12,12,7,0,0,0,0,0,0,0,0,0,0,0,0,0,0,0,0,0,0,0,0,0,0,0,0,0,0,0,0,0,0,0,0,0,0,0,0,0,0,0,0,0,0,0,0,0,0,0,0,2,0,0,0,0,0,0,0,0,0,0,0,0,0,0,0,0,0,0,0,0,0,0,0,0,0,0,0,1,7,0,0,0,0,0,0,0,0,0,0,0,0,0,0,0,0,0,0,2,0,0,0,0,0,0,0,0,66.7,16.7,0,16.7,0,0,16.7,4.83
"17","CN REF 7/15/2023  ",17,"CN REF",2023,2,"0-50m",3,"RI","Canonchet","Reference",NA,-71.458492,41.444235,3,"7/15/2023",7,15,"JH","High/Falling","749",74,2,0,1,6,1.47,38,14,0,0,0,0,0,0,0,0,0,0,2,0,0,0,0,0,0,0,0,0,0,0,0,0,0,0,0,0,0,0,0,0,0,0,0,0,0,0,0,0,0,0,0,0,0,5,0,0,0,0,0,0,0,0,0,0,0,0,0,0,0,0,0,0,0,0,0,0,0,0,0,0,0,0,0,0,0,14,0,2,0,0,13,0,0,0,0,0,0,0,0,0,0,0,0,0,2,0,0,0,0,0,5.3,0,0,36.8,57.9,0,0,0,0,57.9,4.74
"18","CN RUN 6/2/2022  ",18,"CN RUN",2022,1,"0-50m",3,"RI","Canonchet","Runnel",7,-71.456262,41.44248,2,"6/2/2022",6,2,"SM","Low/Rising","611",57,2,1,1,4,1.24,6,3,0,0,0,0,1,0,0,0,0,0,0,0,0,0,0,0,0,0,0,0,0,0,0,0,0,0,0,0,0,0,0,0,0,0,0,0,0,0,0,0,0,0,0,0,0,0,0,0,0,0,0,0,0,0,0,0,0,0,0,0,0,0,0,0,0,0,0,0,0,0,0,0,0,0,0,0,1,3,0,0,0,0,0,0,0,1,0,0,0,0,0,0,0,0,0,0,0,0,0,0,0,0,0,0,0,83.3,0,0,0,16.7,0,0,3.17
"19","CN RUN 6/24/2023  ",19,"CN RUN",2023,1,"0-50m",3,"RI","Canonchet","Runnel",8,-71.456262,41.44248,2,"6/24/2023",6,24,"JH","Low","611",67,2,0,1,5,1.36,15,6,0,0,0,0,0,0,0,0,0,0,1,0,0,0,0,0,0,0,0,0,0,0,0,0,0,0,0,0,0,0,0,0,0,0,0,0,0,0,0,0,0,0,0,0,0,0,0,0,0,0,0,0,0,0,0,0,0,0,0,0,0,0,0,0,0,0,0,0,0,0,0,0,0,0,0,0,5,6,0,0,0,0,0,0,0,1,0,0,0,0,0,0,0,0,0,0,2,0,0,0,0,0,6.7,0,0,80,13.3,0,0,0,0,13.3,3.73
"20","CN RUN 7/15/2023  ",20,"CN RUN",2023,2,"0-50m",3,"RI","Canonchet","Runnel",8,-71.456262,41.44248,3,"7/15/2023",7,15,"JH","High/Falling","728",74,2,0,1,5,1.3,14,5,0,0,0,0,0,0,0,0,0,0,6,0,0,0,0,0,0,0,0,0,0,0,0,0,0,0,0,0,0,0,0,0,0,0,0,0,0,0,0,0,0,0,0,0,0,0,0,0,0,0,0,0,0,0,0,0,0,0,0,0,0,0,0,0,0,0,0,0,0,0,0,0,0,0,0,0,1,5,0,0,0,0,0,0,0,0,0,0,1,0,0,0,0,0,0,0,1,0,0,0,0,0,50,0,0,42.9,7.1,0,0,0,0,7.1,2.43
"21","DPR NAC South 6/12/2023  ",23,"DPR NAC South",2023,1,"0-50m",2,"MA","Plum Island","No Action",NA,-70.8107,42.7738,1,"6/12/2023",6,12,"JGM","High/Falling","8:30",60,2,0,1,3,1.09,10,0,0,0,0,0,0,0,0,0,0,0,0,0,0,0,0,0,0,0,0,0,0,0,0,0,0,0,0,0,0,0,0,0,0,0,0,0,0,0,0,0,0,0,0,0,0,0,0,0,0,0,0,0,0,0,0,0,0,0,0,0,0,0,0,0,0,0,0,0,0,0,0,0,0,0,0,0,3,0,0,0,0,0,0,4,0,0,0,0,0,0,0,0,0,0,0,0,3,0,0,0,0,0,0,0,0,70,30,0,0,0,0,30,4.4
"22","DPR NAC South 6/23/2021  ",21,"DPR NAC South",2021,1,"0-50m",2,"MA","Plum Island","No Action",NA,-70.8107,42.7738,2,"6/23/2021",6,23,"JLG/JGM","Low/Rising","7:45",63,0,3,1,3,0.95,5,0,0,0,0,0,0,0,0,0,0,0,0,0,0,0,0,0,0,0,0,0,0,0,0,0,0,0,0,0,1,0,0,0,0,0,0,0,0,0,0,0,0,0,0,0,0,1,0,0,0,0,0,0,0,0,0,0,0,0,0,0,0,0,0,0,0,0,0,0,0,0,0,0,0,0,0,0,0,0,0,0,0,0,0,0,0,0,0,0,0,0,0,0,0,0,0,0,3,0,0,0,0,0,0,0,0,0,80,20,0,0,0,100,5
"23","DPR NAC South 7/21/2023  ",24,"DPR NAC South",2023,2,"0-50m",2,"MA","Plum Island","No Action",NA,-70.8107,42.7738,2,"7/21/2023",7,21,"JGM","Low/Falling","755",70,1,2,0,8,1.93,15,0,0,0,0,0,0,0,0,0,0,0,0,0,0,0,0,0,0,0,0,0,0,0,0,0,0,0,0,0,0,0,0,0,0,0,0,0,0,0,0,0,0,0,0,0,0,1,0,0,0,0,0,0,0,0,0,0,0,1,0,0,0,0,0,0,0,0,1,0,0,0,0,0,0,0,0,0,1,0,0,0,0,0,2,4,0,0,0,0,3,0,0,0,0,0,0,0,2,0,0,0,0,0,26.7,0,0,33.3,40,0,0,0,0,40,3.93
"24","DPR NAC South 7/7/2021  ",22,"DPR NAC South",2021,2,"0-50m",2,"MA","Plum Island","No Action",NA,-70.8107,42.7738,3,"7/7/2021",7,7,"JGM/NA","Low/Rising","7:35",73,0,2,1,7,1.81,15,3,0,0,0,0,0,0,0,0,0,0,0,0,0,0,0,0,0,1,0,0,0,0,0,0,0,0,0,0,0,0,0,0,0,0,0,0,0,0,0,0,0,0,0,0,0,0,0,0,0,0,0,0,0,0,0,0,0,0,0,0,0,0,1,0,0,0,0,0,0,0,0,0,0,0,0,0,1,2,0,0,0,0,0,3,0,0,0,0,0,0,0,3,0,0,0,0,4,0,0,0,0,0,0,0,0,73.3,26.7,0,0,0,0,26.7,3.8
"25","DPR REF North 6/12/2023  ",27,"DPR REF North",2023,1,"0-50m",2,"MA","Plum Island","Reference",NA,-70.81001,42.78261,1,"6/12/2023",6,12,"JGM","High/Falling","10:00",63,2,1,1,4,1.21,9,4,0,0,0,0,0,0,0,0,0,0,0,0,0,0,0,0,0,0,0,0,0,0,0,0,0,0,0,0,0,0,0,0,0,0,0,0,0,0,0,0,0,0,0,0,0,0,0,0,0,0,0,0,0,0,0,0,0,0,0,0,0,0,0,0,0,0,0,0,0,0,0,0,0,0,0,0,0,4,0,0,0,0,0,1,0,0,0,0,0,0,0,1,0,0,0,0,3,0,0,0,0,0,0,0,0,66.7,33.3,0,0,0,0,33.3,4.56
"26","DPR REF North 6/23/2021  ",25,"DPR REF North",2021,1,"0-50m",2,"MA","Plum Island","Reference",NA,-70.81001,42.78261,2,"6/23/2021",6,23,"ARP/NA","Low/Rising","7:03",57,0,3,0,4,1.24,6,4,0,0,0,0,0,0,0,0,0,0,0,0,0,0,0,0,0,1,0,0,0,0,0,0,0,0,0,0,0,0,0,0,0,0,0,0,0,0,0,0,0,0,0,0,0,0,0,0,0,0,0,0,0,0,0,0,0,0,0,0,0,0,0,0,0,0,0,0,0,0,0,0,0,0,0,0,0,1,0,0,0,0,0,1,0,0,0,3,0,0,0,0,0,0,0,0,0,0,0,0,0,0,0,0,0,100,0,0,0,0,0,0,4.33
"27","DPR REF North 7/21/2023  ",28,"DPR REF North",2023,2,"0-50m",2,"MA","Plum Island","Reference",NA,-70.81001,42.78261,2,"7/21/2023",7,21,"JGM","Low","940",74,2,2,0,7,1.71,25,6,0,0,0,0,0,0,0,0,2,0,0,0,0,0,0,0,0,3,0,0,0,0,0,0,0,0,0,0,0,0,0,0,0,0,0,0,0,0,0,0,0,0,0,0,0,0,0,0,0,0,4,0,0,0,0,0,0,0,0,0,0,0,0,0,0,0,1,0,0,0,0,0,0,0,0,0,8,6,0,0,0,0,0,0,0,0,0,0,1,0,0,0,0,0,0,0,0,0,0,0,0,0,16,0,0,68,0,0,0,16,0,0,2.52
"28","DPR REF North 7/7/2021  ",26,"DPR REF North",2021,2,"0-50m",2,"MA","Plum Island","Reference",NA,-70.81001,42.78261,3,"7/7/2021",7,7,"JGM/NA","High/Rising","9:00",73,0,3,1,5,1.33,17,3,0,0,0,0,0,0,0,0,0,0,0,0,0,0,0,0,0,0,0,0,0,0,0,0,0,0,0,0,0,0,0,0,0,0,0,0,0,0,0,0,0,0,0,0,0,0,0,0,0,0,0,0,0,0,0,0,0,0,0,0,0,0,0,0,0,0,0,0,1,0,0,0,0,0,0,0,4,3,0,0,0,0,0,0,0,8,0,0,0,0,0,0,0,0,0,0,1,0,0,0,0,0,0,0,0,88.2,5.9,5.9,0,0,0,11.8,2.65
"29","DPR REF South 6/12/2023  ",31,"DPR REF South",2023,1,"0-50m",2,"MA","Plum Island","Reference",NA,-70.8123,42.777,1,"6/12/2023",6,12,"JGM","High/Falling","9:00",62,2,0,1,3,1,7,3,0,0,0,0,0,0,0,0,0,0,0,0,0,0,0,0,0,3,0,0,0,0,0,0,0,0,0,0,0,0,0,0,0,0,0,0,0,0,0,0,0,0,0,0,0,0,0,0,0,0,0,0,0,0,0,0,0,1,0,0,0,0,0,0,0,0,0,0,0,0,0,0,0,0,0,0,0,3,0,0,0,0,0,0,0,0,0,0,0,0,0,0,0,0,0,0,0,0,0,0,0,0,0,0,0,85.7,14.3,0,0,0,0,14.3,3.29
"30","DPR REF South 6/23/2021  ",29,"DPR REF South",2021,1,"0-50m",2,"MA","Plum Island","Reference",NA,-70.8123,42.777,2,"6/23/2021",6,23,"ARP/NA","Low/Rising","8:05",63,0,3,0,4,1.28,10,2,0,0,0,0,0,0,0,0,0,0,0,0,0,0,0,0,0,3,0,0,0,0,0,0,0,0,0,0,0,0,0,0,0,0,0,0,0,0,0,0,0,0,0,0,0,0,0,0,0,0,0,0,0,0,0,0,0,0,0,0,0,0,0,0,0,0,0,0,0,0,0,0,0,0,0,0,0,0,0,0,0,0,0,0,0,0,0,2,0,0,0,4,0,0,0,0,1,0,0,0,0,0,0,0,0,90,10,0,0,0,0,10,2.2
"31","DPR REF South 7/21/2023  ",32,"DPR REF South",2023,2,"0-50m",2,"MA","Plum Island","Reference",NA,-70.8123,42.777,2,"7/21/2023",7,21,"JGM","Low","830",72,2,1,0,2,0.5,10,8,0,0,0,0,0,0,0,0,0,0,0,0,0,0,0,0,0,0,0,0,0,0,0,0,0,0,0,0,0,0,0,0,0,0,0,0,0,0,0,0,0,0,0,0,0,0,0,0,0,0,0,0,0,0,0,0,0,0,0,0,0,0,0,0,0,0,0,0,0,0,0,0,0,0,0,0,0,8,0,0,0,0,0,0,0,0,0,0,0,0,0,0,0,0,0,0,2,0,0,0,0,0,0,0,0,80,20,0,0,0,0,20,5
"32","DPR REF South 7/7/2021  ",30,"DPR REF South",2021,2,"0-50m",2,"MA","Plum Island","Reference",NA,-70.8123,42.777,3,"7/7/2021",7,7,"JGM/NA","Low/Rising","8:15",73,0,3,1,4,1.29,11,3,0,0,0,0,0,0,0,0,0,0,0,0,0,0,0,0,0,1,0,0,0,0,0,0,0,0,0,0,0,0,0,0,0,0,0,0,0,0,0,0,0,0,0,0,0,0,0,0,0,0,0,0,0,0,0,0,0,0,0,0,0,0,0,0,0,0,0,0,0,0,0,0,0,0,0,0,4,3,0,0,0,0,0,0,0,0,0,0,0,0,0,0,0,0,0,0,3,0,0,0,0,0,0,0,0,72.7,27.3,0,0,0,0,27.3,3.91
"33","DPR RUN North 6/12/2023  ",35,"DPR RUN North",2023,1,"0-50m",2,"MA","Plum Island","Runnel",6,-70.8095,42.7798,1,"6/12/2023",6,12,"JGM","High/Falling","9:40",60,2,1,1,3,0.92,11,6,0,0,0,0,0,0,0,0,0,0,0,0,0,0,0,0,0,4,0,0,0,0,0,0,0,0,0,0,0,0,0,0,0,0,0,0,0,0,0,0,0,0,0,0,0,0,0,0,0,0,0,0,0,0,0,0,0,0,0,0,0,0,0,0,0,0,0,0,0,0,0,0,0,0,0,0,0,6,0,0,0,0,0,1,0,0,0,0,0,0,0,0,0,0,0,0,0,0,0,0,0,0,0,0,0,100,0,0,0,0,0,0,3.55
"34","DPR RUN North 6/23/2021  ",33,"DPR RUN North",2021,1,"0-50m",2,"MA","Plum Island","Runnel",2,-70.8095,42.7798,2,"6/23/2021",6,23,"ARP/NA","Low/Rising","7:25",60,0,3,0,5,1.61,5,2,0,0,0,0,0,0,0,0,0,0,0,0,0,0,0,0,0,0,0,0,0,0,0,0,0,0,0,0,0,0,0,0,0,0,0,0,0,0,0,0,0,0,0,0,0,0,0,0,0,0,0,0,0,0,0,0,0,0,0,0,0,0,0,0,0,0,0,0,0,0,0,0,0,0,0,0,1,1,0,0,0,0,0,1,0,0,0,1,0,0,0,0,0,0,0,0,1,0,0,0,0,0,0,0,0,80,20,0,0,0,0,20,4.6
"35","DPR RUN North 7/21/2023  ",36,"DPR RUN North",2023,2,"0-50m",2,"MA","Plum Island","Runnel",4,-70.8095,42.7798,2,"7/21/2023",7,21,"JGM","Low","920",72,2,1,0,4,1.01,19,4,0,0,0,0,0,0,0,0,12,0,0,0,0,0,0,0,0,0,0,0,0,0,0,0,0,0,0,0,0,0,0,0,0,0,0,0,0,0,0,0,0,0,0,0,0,0,0,0,0,0,0,0,0,0,0,0,0,0,0,0,0,0,0,0,0,0,0,0,0,0,0,0,0,0,0,0,0,4,0,0,0,0,2,0,0,0,0,0,1,0,0,0,0,0,0,0,0,0,0,0,0,0,68.4,0,0,21.1,10.5,0,0,0,0,10.5,2.26
"36","DPR RUN North 7/7/2021  ",34,"DPR RUN North",2021,2,"0-50m",2,"MA","Plum Island","Runnel",2,-70.8095,42.7798,3,"7/7/2021",7,7,"JGM/NA","High/Rising","9:20",73,0,3,1,6,1.61,17,0,0,0,0,0,0,0,0,0,0,0,0,0,0,0,0,0,0,1,0,0,0,0,0,0,0,0,0,0,0,0,0,0,0,1,0,0,0,0,0,0,0,0,0,0,0,0,0,0,0,0,0,0,0,0,0,0,0,0,0,0,0,0,0,0,0,0,0,0,0,0,0,0,0,0,0,0,5,0,0,0,0,0,2,0,0,0,0,0,0,0,0,5,0,0,0,0,3,0,0,0,0,0,5.9,0,0,64.7,29.4,0,0,0,0,29.4,2.71
"37","DPR RUN South 6/12/2023  ",39,"DPR RUN South",2023,1,"0-50m",2,"MA","Plum Island","Runnel",4,-70.809,42.7777,1,"6/12/2023",6,12,"JGM","High/Falling","9:20",60,2,1,1,2,0.45,6,5,0,0,0,0,0,0,0,0,0,0,0,0,0,0,0,0,0,0,0,0,0,0,0,0,0,0,0,0,0,0,0,0,0,0,1,0,0,0,0,0,0,0,0,0,0,0,0,0,0,0,0,0,0,0,0,0,0,0,0,0,0,0,0,0,0,0,0,0,0,0,0,0,0,0,0,0,0,5,0,0,0,0,0,0,0,0,0,0,0,0,0,0,0,0,0,0,0,0,0,0,0,0,16.7,0,0,83.3,0,0,0,0,0,0,4.17
"38","DPR RUN South 6/23/2021  ",37,"DPR RUN South",2021,1,"0-50m",2,"MA","Plum Island","Runnel",4,-70.809,42.7777,2,"6/23/2021",6,23,"ARP/NA","Low/Rising","7:45",63,0,3,0,4,1.15,7,2,0,0,0,0,0,0,0,0,0,0,0,0,0,0,0,0,0,0,0,0,0,0,0,0,0,0,0,0,0,0,0,0,0,0,0,0,0,0,0,0,0,0,0,0,0,0,0,0,0,0,0,0,0,0,0,0,0,0,0,0,0,0,0,0,0,0,0,0,0,0,0,0,0,0,0,0,0,1,0,0,0,0,0,0,0,0,0,1,1,0,0,0,0,0,0,0,4,0,0,0,0,0,14.3,0,0,28.6,57.1,0,0,0,0,57.1,4.43
"39","DPR RUN South 7/21/2023  ",40,"DPR RUN South",2023,2,"0-50m",2,"MA","Plum Island","Runnel",4,-70.809,42.7777,2,"7/21/2023",7,21,"JGM","Low","900",73,2,1,0,6,1.54,15,5,0,0,0,0,0,0,0,0,5,0,0,0,0,0,0,0,0,0,0,0,0,0,0,0,0,0,0,0,0,0,0,0,0,1,0,0,0,0,0,0,0,0,0,0,0,0,0,0,0,0,0,0,0,0,0,0,0,1,0,0,0,0,0,0,0,0,0,0,0,0,0,0,0,0,0,0,2,5,0,0,0,0,0,0,0,1,0,0,0,0,0,0,0,0,0,0,0,0,0,0,0,0,40,0,0,53.3,6.7,0,0,0,0,6.7,2.8
"40","DPR RUN South 7/7/2021  ",38,"DPR RUN South",2021,2,"0-50m",2,"MA","Plum Island","Runnel",4,-70.809,42.7777,3,"7/7/2021",7,7,"JGM/NA","Low/Rising","8:32",73,0,3,1,6,1.67,14,2,0,0,0,0,0,0,0,0,0,0,0,0,0,0,0,0,0,0,0,0,0,0,1,0,0,0,0,0,0,0,0,0,0,1,0,0,0,0,0,0,0,0,0,0,0,0,0,0,0,0,0,0,0,0,0,0,0,0,0,0,0,0,0,0,0,0,0,0,0,0,0,0,0,0,0,0,3,2,0,0,0,0,0,0,0,0,0,0,0,0,0,4,0,0,0,0,3,0,0,0,0,0,14.3,0,0,64.3,21.4,0,0,0,0,21.4,2.71
"41","Essex NAC North 5/27/2022  ",41,"Essex NAC North",2022,1,"0-50m",2,"MA","Essex","No Action",NA,-70.776608,42.651283,1,"5/27/2022",5,27,"JLG","Low/Rising","6:17",61,2,3,3,3,0.9,8,0,0,0,0,0,0,0,0,0,0,0,0,0,0,0,0,0,0,0,0,0,0,0,0,0,0,0,0,0,0,0,0,0,0,0,0,0,0,0,0,0,0,0,0,0,0,0,0,0,0,0,0,0,0,2,0,0,0,0,0,0,0,0,0,0,0,0,0,0,0,0,0,0,0,0,0,0,5,0,0,0,0,0,0,0,1,0,0,0,0,0,0,0,0,0,0,0,0,0,0,0,0,0,0,0,0,62.5,25,0,0,0,12.5,37.5,3.75
"42","Essex NAC North 6/15/2023  ",43,"Essex NAC North",2023,1,"0-50m",2,"MA","Essex","No Action",NA,-70.776608,42.651283,1,"6/15/2023",6,15,"JLG","Low/Rising","7:25",62,2,1,1,3,1.05,5,0,0,0,0,0,0,0,0,0,0,0,0,0,0,0,0,0,0,0,0,0,0,0,0,0,0,0,0,0,0,0,0,0,0,0,0,0,0,0,0,0,0,0,0,0,0,0,0,0,0,0,0,0,0,0,0,0,0,0,0,0,0,0,0,0,0,0,0,0,0,0,0,0,0,0,0,0,2,0,0,0,0,0,0,0,0,0,0,0,2,0,0,0,0,0,0,0,1,0,0,0,0,0,40,0,0,40,20,0,0,0,0,20,2.6
"43","Essex NAC North 6/20/2022  ",42,"Essex NAC North",2022,2,"0-50m",2,"MA","Essex","No Action",NA,-70.776608,42.651283,2,"6/20/2022",6,20,"JLG","High/Falling","9:34",62,0,2,1,7,1.75,16,0,0,0,0,0,0,0,0,0,0,0,0,0,0,0,0,0,0,0,0,0,0,0,0,0,0,0,0,0,0,0,0,0,0,0,0,0,0,0,0,0,0,1,0,2,0,0,0,0,0,0,0,0,0,2,0,0,0,0,2,0,0,0,0,0,0,0,0,0,0,0,0,0,0,0,0,0,6,0,0,0,0,0,0,0,1,0,0,0,0,0,0,0,0,0,0,0,2,0,0,0,0,0,0,0,12.5,37.5,31.2,0,0,0,18.8,62.5,4.25
"44","Essex NAC North 7/19/2023  ",44,"Essex NAC North",2023,2,"0-50m",2,"MA","Essex","No Action",NA,-70.776608,42.651283,2,"7/19/2023",7,19,"JGM","Low/Rising","745",72,1,1,2,5,1.46,9,1,0,0,0,0,0,0,0,0,0,0,0,0,0,0,0,0,0,0,0,0,0,0,0,0,0,0,0,0,0,0,0,0,0,0,0,0,0,0,0,0,0,0,0,0,0,0,0,0,0,0,0,0,0,0,0,0,0,0,0,0,0,0,0,0,0,0,1,0,0,0,0,0,0,0,0,0,3,1,0,0,0,0,1,0,0,0,0,0,3,0,0,0,0,0,0,0,0,0,0,0,0,0,44.4,0,0,44.4,11.1,0,0,0,0,11.1,2.78
"45","Essex NAC South 5/27/2022  ",45,"Essex NAC South",2022,1,"0-50m",2,"MA","Essex","No Action",NA,-70.771131,42.651806,1,"5/27/2022",5,27,"JLG","Low/Rising","7:14",62,1,3,3,2,0.64,3,0,0,0,0,0,0,0,0,0,0,0,0,0,0,0,0,0,0,0,0,0,0,0,0,0,0,0,0,0,0,0,0,0,0,0,0,0,2,0,0,0,0,0,0,0,0,0,0,0,0,0,0,0,0,0,0,0,0,0,0,0,0,0,0,0,0,0,0,0,0,0,0,0,0,0,0,0,1,0,0,0,0,0,0,0,0,0,0,0,0,0,0,0,0,0,0,0,0,0,0,0,0,0,0,0,0,33.3,0,0,0,66.7,0,0,1
"46","Essex NAC South 6/15/2023  ",47,"Essex NAC South",2023,1,"0-50m",2,"MA","Essex","No Action",NA,-70.771131,42.651806,1,"6/15/2023",6,15,"JLG","Low/Rising","6:35",61,2,0,1,3,1.08,8,0,0,0,0,0,0,0,0,0,3,0,0,0,0,0,0,0,0,0,0,0,0,0,0,0,0,0,0,0,0,0,0,0,0,0,0,0,0,0,0,0,0,0,0,0,0,0,0,0,0,0,0,0,0,0,0,0,0,0,0,0,0,0,0,0,0,0,0,0,0,0,0,0,0,0,0,0,0,0,0,0,0,0,0,0,0,3,0,0,2,0,0,0,0,0,0,0,0,0,0,0,0,0,62.5,0,0,37.5,0,0,0,0,0,0,1
"47","Essex NAC South 6/20/2022  ",46,"Essex NAC South",2022,2,"0-50m",2,"MA","Essex","No Action",NA,-70.771131,42.651806,2,"6/20/2022",6,20,"JLG","High/Falling","10:26",66,0,2,1,3,1.04,4,0,0,0,0,0,0,0,0,0,0,0,0,0,0,0,0,0,0,0,0,0,0,0,0,0,0,0,0,0,0,0,0,0,0,0,0,0,0,0,0,0,0,0,0,1,0,0,0,0,0,0,0,0,0,0,0,0,0,0,0,0,0,0,0,0,0,0,0,0,1,0,0,0,0,0,0,0,0,0,0,0,0,0,0,0,0,2,0,0,0,0,0,0,0,0,0,0,0,0,0,0,0,0,0,0,0,50,0,25,0,0,25,50,3
"48","Essex REF North 6/20/2022  ",50,"Essex REF North",2022,2,"0-50m",2,"MA","Essex","Reference",NA,-70.774717,42.654558,2,"6/20/2022",6,20,"JLG","High/Falling","9:55",62,0,2,2,3,1.01,6,0,0,0,1,0,0,0,0,0,0,0,0,0,0,0,0,0,0,0,0,0,0,0,0,0,0,0,0,0,0,0,0,0,0,0,0,0,0,0,0,0,0,0,0,0,0,0,0,0,0,0,0,0,0,0,0,0,0,0,0,0,0,0,0,0,0,0,0,0,0,0,0,0,0,0,0,0,2,0,0,0,0,0,0,0,0,0,0,0,3,0,0,0,0,0,0,0,0,0,0,0,0,0,50,0,0,33.3,0,0,0,16.7,0,0,1.5
"49","Essex REF South 5/27/2022  ",51,"Essex REF South",2022,1,"0-50m",2,"MA","Essex","Reference",NA,-70.773536,42.649931,1,"5/27/2022",5,27,"JLG","Low/Rising","7:29",62,1,3,4,1,0,2,0,0,0,0,0,0,0,0,0,0,0,0,0,0,0,0,0,0,0,0,0,0,0,0,0,0,0,0,0,0,0,0,0,0,0,0,0,0,0,0,0,0,0,0,0,0,0,0,0,0,0,0,0,0,2,0,0,0,0,0,0,0,0,0,0,0,0,0,0,0,0,0,0,0,0,0,0,0,0,0,0,0,0,0,0,0,0,0,0,0,0,0,0,0,0,0,0,0,0,0,0,0,0,0,0,0,0,100,0,0,0,0,100,5
"50","Essex REF South 6/15/2023  ",53,"Essex REF South",2023,1,"0-50m",2,"MA","Essex","Reference",NA,-70.773536,42.649931,1,"6/15/2023",6,15,"JLG","Low/Rising","6:00",61,2,0,1,2,0.56,12,0,0,0,0,0,0,0,0,0,0,0,0,0,0,0,0,0,0,0,0,0,0,0,0,0,0,0,0,0,0,0,0,0,0,0,0,0,0,0,0,0,0,0,0,0,0,0,0,0,0,0,0,0,0,3,0,0,0,0,0,0,0,0,0,0,0,0,0,0,0,0,0,0,0,0,0,0,9,0,0,0,0,0,0,0,0,0,0,0,0,0,0,0,0,0,0,0,0,0,0,0,0,0,0,0,0,75,25,0,0,0,0,25,3.5
"51","Essex REF South 6/20/2022  ",52,"Essex REF South",2022,2,"0-50m",2,"MA","Essex","Reference",NA,-70.773536,42.649931,2,"6/20/2022",6,20,"JLG","High/Falling","10:41",67,0,2,2,4,1.24,6,0,0,0,0,0,0,0,0,0,0,0,0,0,0,0,0,0,0,1,0,0,0,0,0,0,0,0,0,0,0,0,0,0,0,0,0,0,0,0,0,0,0,0,0,0,0,0,0,0,0,0,0,0,0,0,0,0,0,0,0,0,0,0,0,0,0,1,0,0,0,0,0,0,0,0,0,0,3,0,0,0,0,0,0,0,0,0,0,0,1,0,0,0,0,0,0,0,0,0,0,0,0,0,16.7,0,0,66.7,0,0,0,16.7,0,0,1.83
"52","Essex REF South 7/19/2023  ",54,"Essex REF South",2023,2,"0-50m",2,"MA","Essex","Reference",NA,-70.773536,42.649931,2,"7/19/2023",7,19,"JGM","Low/Rising","905",72,1,2,2,2,0.56,4,0,0,0,0,0,0,0,0,0,0,0,0,0,0,0,0,0,0,0,0,0,0,0,0,0,0,0,0,0,0,0,0,0,0,0,0,0,0,0,0,0,0,0,0,0,0,0,0,0,0,0,0,0,0,0,0,0,0,0,0,0,0,0,0,0,0,0,0,0,0,0,0,0,0,0,0,0,1,0,0,0,0,0,0,0,0,0,0,0,3,0,0,0,0,0,0,0,0,0,0,0,0,0,75,0,0,25,0,0,0,0,0,0,1.5
"53","Essex RUN North 5/27/2022  ",55,"Essex RUN North",2022,1,"0-50m",2,"MA","Essex","Runnel",0,-70.775369,42.651917,1,"5/27/2022",5,27,"JLG","Low/Rising","6:02",60,2,2,2,3,1.08,24,0,0,0,0,0,0,0,0,0,0,0,0,0,0,0,0,0,0,0,0,0,0,0,0,0,0,0,0,0,0,0,0,0,0,0,0,0,0,0,0,0,0,0,0,9,0,0,0,0,0,0,0,0,0,0,0,0,0,0,0,0,0,0,0,0,0,0,0,0,0,0,0,0,0,0,0,0,6,0,0,0,0,0,0,0,9,0,0,0,0,0,0,0,0,0,0,0,0,0,0,0,0,0,0,0,0,25,0,0,0,0,75,75,4.5
"54","Essex RUN North 6/15/2023  ",57,"Essex RUN North",2023,1,"0-50m",2,"MA","Essex","Runnel",1,-70.775369,42.651917,1,"6/15/2023",6,15,"JLG","Low/Rising","7:07",61,2,1,1,4,1.17,10,0,0,0,0,0,0,0,0,0,0,0,0,0,0,0,0,0,0,0,0,0,0,0,0,0,0,0,0,0,0,0,0,0,0,0,0,0,0,0,0,0,0,0,0,0,0,0,0,0,0,0,0,0,0,0,0,0,0,0,0,0,0,0,0,0,0,0,0,0,0,0,0,0,0,0,0,0,5,0,0,0,0,0,0,0,0,0,0,0,1,0,0,1,0,0,0,0,3,0,0,0,0,0,10,0,0,60,30,0,0,0,0,30,3.2
"55","Essex RUN North 6/20/2022  ",56,"Essex RUN North",2022,2,"0-50m",2,"MA","Essex","Runnel",0,-70.775369,42.651917,2,"6/20/2022",6,20,"JLG","High/Falling","9:20",61,0,1,1,4,1.35,13,0,0,0,0,0,0,0,0,0,0,0,0,0,0,0,0,0,0,0,0,0,0,0,0,0,0,0,0,0,0,0,0,0,0,0,0,0,0,0,0,0,0,0,0,0,0,0,0,0,0,0,0,0,0,3,0,0,0,0,0,0,0,0,0,0,0,0,0,0,0,0,0,0,0,0,0,0,4,0,0,0,0,0,0,0,0,4,0,0,2,0,0,0,0,0,0,0,0,0,0,0,0,0,15.4,0,0,61.5,23.1,0,0,0,0,23.1,2.54
"56","Essex RUN North 7/19/2023  ",58,"Essex RUN North",2023,2,"0-50m",2,"MA","Essex","Runnel",1,-70.775369,42.651917,2,"7/19/2023",7,19,"JGM","Low/Rising","800",72,2,1,2,6,1.61,10,0,0,0,0,0,1,0,0,1,0,0,0,0,0,0,0,0,0,0,0,0,0,0,0,0,0,0,0,0,0,0,0,0,0,0,0,0,0,0,0,0,0,0,0,0,0,0,0,0,0,0,0,0,0,0,0,0,0,0,0,0,0,0,0,0,0,0,0,0,0,0,0,0,0,0,0,0,4,0,0,0,0,0,0,1,0,1,0,0,2,0,0,0,0,0,0,0,0,0,0,0,0,0,20,0,0,60,0,0,0,20,0,0,2
"57","Essex RUN South 5/27/2022  ",59,"Essex RUN South",2022,1,"0-50m",2,"MA","Essex","Runnel",0,-70.7728,42.651456,1,"5/27/2022",5,27,"JLG","Low/Rising","6:57",61,1,2,3,1,0,2,0,0,0,0,0,0,0,0,0,0,0,0,0,0,0,0,0,0,0,0,0,0,0,0,0,0,0,0,0,0,0,0,0,0,0,0,0,0,0,0,0,0,0,0,0,0,0,0,0,0,0,0,0,0,0,0,0,0,0,0,0,0,0,0,0,0,0,0,0,0,0,0,0,0,0,0,0,2,0,0,0,0,0,0,0,0,0,0,0,0,0,0,0,0,0,0,0,0,0,0,0,0,0,0,0,0,100,0,0,0,0,0,0,3
"58","Essex RUN South 6/15/2023  ",61,"Essex RUN South",2023,1,"0-50m",2,"MA","Essex","Runnel",1,-70.7728,42.651456,1,"6/15/2023",6,15,"JLG","Low/Rising","6:16",62,2,1,1,3,1.05,5,0,0,0,0,0,0,0,0,0,2,0,0,0,0,0,0,0,0,0,0,0,0,0,0,0,0,0,0,0,0,0,0,0,0,0,0,0,0,0,0,0,0,0,0,0,0,0,0,0,0,0,0,0,0,0,0,0,0,0,0,0,0,0,0,0,0,0,0,0,0,0,0,0,0,0,0,0,1,0,0,0,0,0,0,0,0,0,0,0,0,0,0,0,0,0,0,0,2,0,0,0,0,0,40,0,0,20,40,0,0,0,0,40,3
"59","Essex RUN South 6/20/2022  ",60,"Essex RUN South",2022,2,"0-50m",2,"MA","Essex","Runnel",0,-70.7728,42.651456,2,"6/20/2022",6,20,"JLG","High/Falling","10:13",66,0,1,2,2,0.64,3,0,0,0,0,0,0,0,0,0,0,0,0,0,0,0,0,0,0,0,0,0,0,0,0,0,0,0,0,0,0,0,0,0,0,2,0,0,0,0,0,0,0,0,0,0,0,0,0,0,0,0,0,0,0,0,0,0,0,0,0,0,0,0,0,0,0,0,0,0,0,0,0,0,0,0,0,0,1,0,0,0,0,0,0,0,0,0,0,0,0,0,0,0,0,0,0,0,0,0,0,0,0,0,66.7,0,0,33.3,0,0,0,0,0,0,1
"60","Ipswich NAC East 5/27/2022  ",63,"Ipswich NAC East",2022,1,"0-50m",2,"MA","Ipswich","No Action",NA,-70.773939,42.679464,1,"5/27/2022",5,27,"JLG","High/Rising","9:16",64,1,2,2,5,1.49,8,0,0,0,0,0,0,0,0,0,0,0,0,1,0,0,0,0,0,0,0,0,0,0,0,0,0,0,0,0,0,0,0,0,0,0,0,0,2,0,0,0,0,0,0,0,0,0,0,0,1,0,0,0,0,0,0,0,0,0,0,0,0,0,0,0,0,0,0,0,1,0,0,0,0,0,0,0,3,0,0,0,0,0,0,0,0,0,0,0,0,0,0,0,0,0,0,0,0,0,0,0,0,0,0,0,0,37.5,0,12.5,25,25,0,12.5,3
"61","Ipswich NAC East 6/20/2022  ",64,"Ipswich NAC East",2022,2,"0-50m",2,"MA","Ipswich","No Action",NA,-70.773939,42.679464,2,"6/20/2022",6,20,"JLG","High/Falling","6:41",48,0,1,1,3,1.01,6,0,0,0,0,0,0,0,0,0,0,0,0,0,0,0,0,0,0,0,0,0,0,0,0,0,0,0,0,0,0,0,0,0,0,0,0,0,0,0,0,0,0,0,0,0,0,0,0,0,0,0,0,2,0,0,0,0,0,0,0,0,0,0,0,0,0,0,0,0,0,0,0,0,0,0,0,0,3,0,0,0,0,0,0,0,0,0,0,0,1,0,0,0,0,0,0,0,0,0,0,0,0,0,16.7,0,0,83.3,0,0,0,0,0,0,1.67
"62","Ipswich REF East 5/27/2022  ",65,"Ipswich REF East",2022,1,"0-50m",2,"MA","Ipswich","Reference",NA,-70.771769,42.680317,1,"5/27/2022",5,27,"JLG","High/Rising","9:03",64,1,2,2,2,0.67,10,0,0,0,0,0,0,0,0,0,0,0,0,0,0,0,0,0,0,0,0,0,0,0,0,0,0,0,0,0,4,0,0,0,0,0,0,0,0,0,0,0,0,0,0,0,0,0,0,0,0,0,0,0,0,0,0,0,0,0,0,0,0,0,0,0,0,0,0,0,0,0,0,0,0,0,0,0,0,0,0,0,0,0,0,0,0,0,0,0,0,0,0,0,0,0,0,0,6,0,0,0,0,0,0,0,0,0,60,40,0,0,0,100,5
"63","Ipswich REF East 6/20/2022  ",66,"Ipswich REF East",2022,2,"0-50m",2,"MA","Ipswich","Reference",NA,-70.771769,42.680317,2,"6/20/2022",6,20,"JLG","High/Falling","6:57",50,0,2,1,1,0,1,0,0,0,0,0,0,0,0,0,0,1,0,0,0,0,0,0,0,0,0,0,0,0,0,0,0,0,0,0,0,0,0,0,0,0,0,0,0,0,0,0,0,0,0,0,0,0,0,0,0,0,0,0,0,0,0,0,0,0,0,0,0,0,0,0,0,0,0,0,0,0,0,0,0,0,0,0,0,0,0,0,0,0,0,0,0,0,0,0,0,0,0,0,0,0,0,0,0,0,0,0,0,0,0,0,0,0,0,0,0,100,0,0,0
"64","Ipswich RUN East 5/27/2022  ",67,"Ipswich RUN East",2022,1,"0-50m",2,"MA","Ipswich","Runnel",0,-70.775144,42.680281,1,"5/27/2022",5,27,"JLG","High/Rising","9:30",67,1,2,3,3,1.01,6,0,0,0,0,0,0,0,0,0,0,0,0,0,1,0,0,0,0,0,0,0,0,0,0,0,0,0,0,0,0,0,0,0,0,0,0,0,0,0,0,0,0,0,0,0,0,0,0,0,0,0,0,0,0,0,0,0,0,0,0,0,0,0,0,0,0,0,0,0,0,0,0,0,0,0,0,0,3,0,0,0,0,0,0,0,2,0,0,0,0,0,0,0,0,0,0,0,0,0,0,0,0,0,0,0,0,50,16.7,0,0,0,33.3,50,4
"65","Ipswich RUN East 6/20/2022  ",68,"Ipswich RUN East",2022,2,"0-50m",2,"MA","Ipswich","Runnel",0,-70.775144,42.680281,2,"6/20/2022",6,20,"JLG","High/Falling","7:15",54,0,1,2,7,1.77,14,0,0,0,0,0,0,0,0,0,0,1,0,0,0,0,0,0,0,0,0,0,0,0,0,0,0,0,0,0,0,0,0,0,0,0,0,0,0,0,0,0,0,0,0,0,0,0,0,0,0,0,0,1,0,0,0,0,0,0,0,0,0,0,0,0,0,0,0,0,0,0,0,0,0,0,0,4,3,0,0,0,0,0,0,0,0,1,0,0,3,0,0,0,0,0,0,0,0,0,0,0,0,1,21.4,0,0,35.7,0,0,0,42.9,0,0,1.86
"66","JP NAC 5/24/2021  ",69,"JP NAC",2021,1,"0-50m",3,"RI","Jacob's Point","No Action",NA,-71.288352,41.712839,1,"5/24/2021",5,24,"ADF","High/Falling","9:00",60,0,1,1,8,1.83,26,2,0,0,0,0,0,1,0,0,0,0,0,0,0,0,0,0,0,0,0,0,0,0,0,0,0,0,0,0,0,2,0,0,0,0,0,0,0,0,0,0,0,0,0,0,0,0,0,0,0,0,0,0,0,0,0,0,0,0,0,0,0,0,0,0,0,0,0,0,0,0,0,2,0,0,0,0,10,2,0,0,0,0,0,0,0,3,0,0,0,0,0,0,0,0,0,0,3,0,0,0,0,3,7.7,0,0,57.7,15.4,0,0,19.2,0,15.4,2.85
"67","JP NAC 6/16/2023  ",71,"JP NAC",2023,1,"0-50m",3,"RI","Jacob's Point","No Action",NA,-71.288352,41.712839,2,"6/16/2023",6,16,"JH","High/Rising","720",65,0,0,1,5,1.47,11,4,0,0,0,0,3,0,0,0,0,0,1,0,0,0,0,0,0,0,0,0,0,0,0,0,0,0,0,0,0,0,0,0,0,0,0,0,0,0,0,0,0,0,0,0,0,0,0,0,0,0,0,0,0,0,0,0,0,0,0,0,0,0,0,0,0,0,0,0,0,0,0,0,0,0,0,0,0,4,0,0,0,0,0,0,0,1,0,0,0,0,0,0,0,0,0,0,2,0,0,0,0,0,9.1,0,0,45.5,18.2,0,0,27.3,0,18.2,2.82
"68","JP NAC 6/3/2021  ",70,"JP NAC",2021,2,"0-50m",3,"RI","Jacob's Point","No Action",NA,-71.288352,41.712839,2,"6/3/2021",6,3,"ADF","Low/Falling","5:45",60,2,1,1,4,1.32,8,2,0,0,0,0,0,0,0,0,0,0,2,0,0,0,0,0,0,0,0,0,0,0,0,0,0,0,0,0,0,0,0,0,0,0,0,0,0,0,0,0,0,0,0,0,0,0,0,0,0,0,0,0,0,0,0,0,0,0,0,0,0,0,0,0,0,0,0,0,0,0,0,0,0,0,0,0,3,2,0,0,0,0,0,0,0,1,0,0,0,0,0,0,0,0,0,0,0,0,0,0,0,0,25,0,0,75,0,0,0,0,0,0,2.5
"69","JP NAC 7/12/2023  ",72,"JP NAC",2023,2,"0-50m",3,"RI","Jacob's Point","No Action",NA,-71.288352,41.712839,3,"7/12/2023",7,12,"JH","High/Falling","717",78,0,1,1,4,0.89,11,8,0,0,0,0,0,0,0,0,0,0,1,0,0,0,0,0,0,0,0,0,0,0,0,0,0,0,0,0,0,0,0,0,0,0,0,0,0,0,0,0,0,0,0,0,0,0,0,0,0,0,0,0,0,0,0,0,0,0,0,0,0,0,0,0,0,0,0,0,0,0,0,0,0,0,0,0,0,8,0,0,0,0,0,0,0,1,0,0,0,0,0,0,0,0,0,0,1,0,0,0,0,0,9.1,0,0,81.8,9.1,0,0,0,0,9.1,4.18
"70","JP RUN 5/24/2021  ",73,"JP RUN",2021,1,"0-50m",3,"RI","Jacob's Point","Runnel",5,-71.2876,41.712,1,"5/24/2021",5,24,"ADF","High/Falling","9:30",65,0,1,1,4,1.28,7,2,0,0,0,0,0,0,0,0,0,0,0,0,0,0,0,0,0,0,0,0,0,0,0,0,0,0,0,0,0,0,0,0,0,0,0,0,0,0,0,0,0,0,0,0,0,0,0,0,0,0,0,0,0,0,0,0,0,0,0,0,0,0,0,0,0,0,0,0,0,0,0,0,0,0,0,0,3,2,0,0,0,0,0,0,0,1,0,0,0,0,0,0,0,0,0,0,0,0,0,0,0,1,0,0,0,85.7,0,0,0,14.3,0,0,3
"71","JP RUN 6/16/2023  ",75,"JP RUN",2023,1,"0-50m",3,"RI","Jacob's Point","Runnel",7,-71.2876,41.712,2,"6/16/2023",6,16,"JH","High/Rising","650",64,0,0,1,6,1.64,17,5,0,0,0,0,0,0,0,0,0,0,0,0,0,0,0,0,0,0,0,0,0,0,0,0,0,0,0,0,0,0,0,0,0,0,0,0,0,0,0,0,0,0,0,0,0,0,0,0,0,0,0,0,0,0,0,0,0,0,0,0,0,0,0,0,0,0,0,0,2,0,0,2,0,0,0,0,2,5,0,0,0,0,0,0,0,1,0,0,0,0,0,0,0,0,0,0,5,0,0,0,0,0,11.8,0,0,47.1,29.4,11.8,0,0,0,41.2,4.06
"72","JP RUN 6/3/2021  ",74,"JP RUN",2021,2,"0-50m",3,"RI","Jacob's Point","Runnel",5,-71.2876,41.712,2,"6/3/2021",6,3,"ADF","Low/Falling","6:15",60,2,1,1,5,1.52,9,3,0,0,0,0,0,0,0,0,0,0,0,0,0,0,0,0,0,0,0,0,0,0,0,0,0,0,0,0,0,2,0,0,0,0,0,0,0,0,0,0,0,0,0,0,0,0,0,0,0,0,0,0,0,0,0,0,0,0,0,0,0,0,0,0,0,0,0,0,0,0,0,0,0,0,0,0,2,3,0,0,0,0,0,0,0,1,0,0,0,0,0,0,0,0,0,0,0,0,0,0,0,1,0,0,0,66.7,0,0,0,33.3,0,0,3.22
"73","JP RUN 7/12/2023  ",76,"JP RUN",2023,2,"0-50m",3,"RI","Jacob's Point","Runnel",7,-71.2876,41.712,3,"7/12/2023",7,12,"JH","High/Falling","648",78,0,1,1,2,0.53,9,7,0,0,0,0,0,0,0,0,0,0,0,0,0,0,0,0,0,0,0,0,0,0,0,0,0,0,0,0,0,0,0,0,0,0,0,0,0,0,0,0,0,0,0,0,0,0,0,0,0,0,0,0,0,0,0,0,0,0,0,0,0,0,0,0,0,0,0,0,0,0,0,0,0,0,0,0,0,7,0,0,0,0,0,0,0,2,0,0,0,0,0,0,0,0,0,0,0,0,0,0,0,0,0,0,0,100,0,0,0,0,0,0,4.11
"74","Kents NAC 5/31/2022  ",77,"Kents NAC",2022,1,"0-50m",2,"MA","Kent's Island","No Action",NA,-70.873811,42.758717,1,"5/31/2022",5,31,"JLG","Low/Rising","10:02",73,0,1,2,2,0.64,6,0,0,0,0,0,0,0,0,0,0,0,0,0,0,0,0,0,0,0,0,0,0,0,0,0,0,0,0,0,0,0,0,0,0,2,0,0,0,0,0,0,0,0,0,0,0,0,0,0,0,0,0,0,0,0,0,0,0,0,0,0,0,0,0,0,0,0,0,0,0,0,0,0,0,0,0,0,4,0,0,0,0,0,0,0,0,0,0,0,0,0,0,0,0,0,0,0,0,0,0,0,0,0,33.3,0,0,66.7,0,0,0,0,0,0,2
"75","Kents NAC 6/6/2023  ",79,"Kents NAC",2023,1,"0-50m",2,"MA","Kent's Island","No Action",NA,-70.873811,42.758717,1,"6/6/2023",6,6,"JLG","Low/Falling","9:57",61,1,2,1,4,1.32,8,0,0,0,0,0,0,0,0,0,0,0,0,0,0,0,0,0,0,0,0,0,0,0,0,0,0,0,0,0,0,2,0,0,0,0,0,0,0,0,0,0,0,0,0,0,0,0,0,0,0,0,0,0,0,0,0,0,0,0,0,0,0,0,0,0,0,0,0,0,0,0,0,0,0,0,0,0,3,0,0,0,0,0,0,0,0,1,0,0,2,0,0,0,0,0,0,0,0,0,0,0,0,0,25,0,0,50,0,0,0,25,0,0,2.25
"76","Kents NAC 7/11/2023  ",80,"Kents NAC",2023,2,"0-50m",2,"MA","Kent's Island","No Action",NA,-70.873811,42.758717,2,"7/11/2023",7,11,"JLG","High","10:00",73,1,2,1,2,0.64,3,0,0,0,0,0,0,0,0,0,0,0,0,0,0,0,0,0,0,0,0,0,0,0,0,0,0,0,0,0,0,0,0,0,0,0,0,0,0,0,0,0,0,0,0,0,0,0,0,0,0,0,0,0,0,0,0,0,0,0,0,0,0,0,0,0,0,0,0,0,0,0,0,0,0,0,0,0,2,0,0,0,0,0,0,0,0,1,0,0,0,0,0,0,0,0,0,0,0,0,0,0,0,0,0,0,0,100,0,0,0,0,0,0,2.33
"77","Kents NAC 7/5/2022  ",78,"Kents NAC",2022,2,"0-50m",2,"MA","Kent's Island","No Action",NA,-70.873811,42.758717,2,"7/5/2022",7,5,"JLG","High/Falling","9:12",73,1,1,1,4,1.21,8,2,0,0,0,0,0,0,0,0,0,0,0,0,0,0,0,0,0,0,0,0,0,0,0,0,0,0,0,0,0,0,0,0,0,1,0,1,0,0,0,0,0,0,0,0,0,0,0,0,0,0,0,0,0,0,0,0,0,0,0,0,0,0,0,0,0,0,0,0,0,0,0,0,0,0,0,0,4,2,0,0,0,0,0,0,0,0,0,0,0,0,0,0,0,0,0,0,0,0,0,0,0,0,12.5,0,0,75,0,0,0,12.5,0,0,2.75
"78","Kents REF 5/31/2022  ",81,"Kents REF",2022,1,"0-50m",2,"MA","Kent's Island","Reference",NA,-70.874217,42.769253,1,"5/31/2022",5,31,"JLG","Low","8:42",73,1,2,3,2,0.56,4,0,0,0,0,0,0,0,0,0,0,0,0,0,0,0,0,0,0,0,0,0,0,0,0,0,0,0,0,0,0,0,0,0,0,0,0,0,0,0,0,0,0,0,0,0,0,0,0,0,0,0,0,0,0,0,0,0,0,0,0,0,0,0,0,0,0,0,0,0,0,0,0,0,0,0,0,0,3,0,0,0,0,0,0,0,0,0,0,0,0,0,0,0,0,0,0,0,1,0,0,0,0,0,0,0,0,75,25,0,0,0,0,25,3.5
"79","Kents REF 6/6/2023  ",83,"Kents REF",2023,1,"0-50m",2,"MA","Kent's Island","Reference",NA,-70.874217,42.769253,1,"6/6/2023",6,6,"JLG","Low/Falling","9:01",61,1,2,1,3,1.01,15,8,0,0,0,0,0,0,0,0,0,0,0,0,0,0,0,0,0,0,0,0,0,0,0,0,0,0,0,0,0,0,0,0,0,0,0,0,0,0,0,0,0,0,0,0,0,0,0,0,0,0,0,0,0,0,0,0,0,0,0,0,0,0,0,0,0,0,0,0,0,0,0,0,0,0,0,0,4,8,0,0,0,0,0,0,0,0,0,0,0,0,0,0,0,0,0,0,3,0,0,0,0,0,0,0,0,80,20,0,0,0,0,20,4.47
"80","Kents REF 7/11/2023  ",84,"Kents REF",2023,2,"0-50m",2,"MA","Kent's Island","Reference",NA,-70.874217,42.769253,2,"7/11/2023",7,11,"JLG","High","8:18",67,1,2,1,4,1.25,21,3,0,0,0,0,0,0,0,0,0,0,0,0,0,0,0,0,0,0,0,0,0,0,0,0,0,0,0,0,0,0,0,0,0,0,0,0,0,0,0,0,0,0,0,0,0,0,0,0,0,0,0,0,0,0,0,0,0,0,0,0,0,0,0,0,0,0,10,0,0,0,0,0,0,0,0,0,5,3,0,0,0,0,0,0,0,0,0,0,3,0,0,0,0,0,0,0,0,0,0,0,0,0,61.9,0,0,38.1,0,0,0,0,0,0,3
"81","Kents REF 7/5/2022  ",82,"Kents REF",2022,2,"0-50m",2,"MA","Kent's Island","Reference",NA,-70.874217,42.769253,2,"7/5/2022",7,5,"JLG","High/Falling","8:16",68,1,0,1,4,1.26,20,5,0,0,0,0,0,0,0,0,0,0,0,0,0,0,0,0,0,0,0,0,0,0,0,0,0,0,0,0,0,0,0,0,0,0,0,0,0,0,0,0,0,0,0,0,0,0,0,0,0,0,0,0,0,0,0,0,0,0,0,0,0,0,0,0,0,0,2,0,0,0,0,0,0,0,0,0,9,5,0,0,0,0,0,0,0,0,0,0,4,0,0,0,0,0,0,0,0,0,0,0,0,0,30,0,0,70,0,0,0,0,0,0,3.1
"82","Kents RUN 5/31/2022  ",85,"Kents RUN",2022,1,"0-50m",2,"MA","Kent's Island","Runnel",0,-70.875569,42.759872,1,"5/31/2022",5,31,"JLG","Low","9:36",73,0,1,2,3,1.09,13,0,0,0,0,0,0,0,0,0,0,0,0,0,0,0,0,0,0,0,0,0,0,0,0,0,0,0,0,0,0,0,0,0,0,4,0,0,0,0,0,0,0,0,0,0,0,0,0,0,0,0,0,0,0,0,0,0,0,0,0,0,0,0,0,0,0,0,0,0,0,0,0,0,0,0,0,0,5,0,0,0,0,0,0,0,0,0,0,0,4,0,0,0,0,0,0,0,0,0,0,0,0,0,61.5,0,0,38.5,0,0,0,0,0,0,1.46
"83","Kents RUN 6/6/2023  ",87,"Kents RUN",2023,1,"0-50m",2,"MA","Kent's Island","Runnel",1,-70.875569,42.759872,1,"6/6/2023",6,6,"JLG","Low/Falling","9:41",62,1,1,1,5,1.47,12,3,0,0,0,0,0,0,0,0,0,0,0,0,0,0,0,0,0,0,0,0,0,0,0,0,0,0,0,0,0,0,0,0,0,0,0,0,0,0,0,0,0,0,0,0,0,0,0,0,0,0,0,0,0,0,0,0,0,0,0,0,0,0,0,0,0,0,0,0,0,0,0,0,0,0,0,0,4,3,0,0,0,0,0,0,1,1,0,0,3,0,0,0,0,0,0,0,0,0,0,0,0,0,25,0,0,66.7,0,0,0,0,8.3,8.3,3
"84","Kents RUN 7/11/2023  ",88,"Kents RUN",2023,2,"0-50m",2,"MA","Kent's Island","Runnel",1,-70.875569,42.759872,2,"7/11/2023",7,11,"JLG","High","9:21",71,1,2,1,3,0.88,14,1,0,0,0,0,0,0,0,0,0,0,0,0,0,0,0,0,0,0,0,0,0,0,0,0,0,0,0,0,0,0,0,0,0,0,0,0,0,0,0,0,0,0,0,0,0,0,0,0,0,0,0,0,0,0,0,0,0,0,0,0,0,0,0,0,0,0,0,0,0,0,0,0,0,0,0,0,5,1,0,0,0,0,0,0,0,0,0,0,8,0,0,0,0,0,0,0,0,0,0,0,0,0,57.1,0,0,42.9,0,0,0,0,0,0,2
"85","Kents RUN 7/5/2022  ",86,"Kents RUN",2022,2,"0-50m",2,"MA","Kent's Island","Runnel",0,-70.875569,42.759872,2,"7/5/2022",7,5,"JLG","High/Falling","8:51",73,1,1,1,3,0.95,5,1,0,0,0,0,0,0,0,0,0,0,0,0,0,0,0,0,0,0,0,0,0,0,0,0,0,0,0,0,0,0,0,0,0,0,0,0,0,0,0,0,0,0,0,0,0,0,0,0,0,0,0,0,0,0,0,0,0,0,0,0,0,0,0,0,0,0,0,0,1,0,0,0,0,0,0,0,3,1,0,0,0,0,0,0,0,0,0,0,0,0,0,0,0,0,0,0,0,0,0,0,0,0,0,0,0,80,0,20,0,0,0,20,3.8
"86","MD NAC 6/23/2022  ",89,"MD NAC",2022,1,"0-50m",3,"RI","Middlebridge","No Action",NA,41.462694,-71.449686,2,"6/23/2022",6,23,"SM","High/Falling","633",62,1,1,1,3,1.04,4,0,0,0,0,0,0,0,0,0,0,0,1,0,0,0,0,0,0,0,0,0,0,0,0,0,0,0,0,0,0,0,0,0,0,0,0,0,1,0,0,0,0,0,0,0,0,0,0,0,0,0,0,0,0,0,0,0,0,0,0,0,0,0,0,0,0,0,0,0,0,0,0,0,0,0,0,0,0,0,0,0,0,0,0,0,0,0,0,0,0,0,0,0,0,0,0,0,2,0,0,0,0,0,25,0,0,0,50,0,0,25,0,50,2.5
"87","MD NAC 6/23/2023  ",91,"MD NAC",2023,1,"0-50m",3,"RI","Middlebridge","No Action",NA,-71.4481,41.460933,2,"6/23/2023",6,23,"JH","Low","623",62,2,1,0,1,0,2,0,0,0,0,0,0,0,0,0,0,0,2,0,0,0,0,0,0,0,0,0,0,0,0,0,0,0,0,0,0,0,0,0,0,0,0,0,0,0,0,0,0,0,0,0,0,0,0,0,0,0,0,0,0,0,0,0,0,0,0,0,0,0,0,0,0,0,0,0,0,0,0,0,0,0,0,0,0,0,0,0,0,0,0,0,0,0,0,0,0,0,0,0,0,0,0,0,0,0,0,0,0,0,100,0,0,0,0,0,0,0,0,0,0
"88","MD NAC 7/10/2023  ",92,"MD NAC",2023,2,"0-50m",3,"RI","Middlebridge","No Action",NA,-71.4481,41.460933,3,"7/10/2023",7,10,"JH","Low/Rising","830",70,2,2,1,3,0.91,11,2,0,0,0,0,0,0,0,0,0,0,2,0,0,0,0,0,0,0,0,0,0,0,7,0,0,0,0,0,0,0,0,0,0,0,0,0,0,0,0,0,0,0,0,0,0,0,0,0,0,0,0,0,0,0,0,0,0,0,0,0,0,0,0,0,0,0,0,0,0,0,0,0,0,0,0,0,0,2,0,0,0,0,0,0,0,0,0,0,0,0,0,0,0,0,0,0,0,0,0,0,0,0,81.8,0,0,18.2,0,0,0,0,0,0,0.91
"89","MD NAC 7/7/2022  ",90,"MD NAC",2022,2,"0-50m",3,"RI","Middlebridge","No Action",NA,41.462694,-71.449686,3,"7/7/2022",7,7,"SM","Low/Falling","647",64,0,0,1,2,0.67,5,0,0,0,0,0,0,0,0,0,0,0,3,0,0,0,0,0,0,0,0,0,0,0,0,0,0,0,0,0,0,0,0,0,0,0,0,0,0,0,0,0,0,0,0,0,0,0,0,0,0,0,0,0,0,0,0,0,0,0,0,0,0,0,0,0,0,0,0,0,0,0,0,0,0,0,0,0,0,0,0,0,0,0,0,0,0,0,0,0,0,0,0,0,0,0,0,0,2,0,0,0,0,0,60,0,0,0,40,0,0,0,0,40,2
"90","MD REF 6/1/2022  ",93,"MD REF",2022,1,"0-50m",3,"RI","Middlebridge","Reference",NA,41.460094,-71.449401,2,"6/1/2022",6,1,"SM","Low/Rising","551",57,2,1,1,3,1.05,5,0,0,0,0,0,0,0,0,0,0,0,0,0,0,2,0,0,0,0,0,0,0,0,0,0,0,0,0,0,0,0,0,0,0,0,0,0,0,0,0,0,1,0,0,0,0,0,0,0,0,0,0,0,0,0,0,0,0,0,0,0,0,0,0,0,0,0,0,0,0,0,0,0,0,0,0,0,0,0,0,0,0,0,0,0,0,2,0,0,0,0,0,0,0,0,0,0,0,0,0,0,0,0,20,0,0,40,0,0,0,40,0,0,0.4
"91","MD REF 6/23/2023  ",95,"MD REF",2023,1,"0-50m",3,"RI","Middlebridge","Reference",NA,-71.449401,41.460094,2,"6/23/2023",6,23,"JH","Low","604",62,2,1,0,1,0,1,0,0,0,0,0,0,0,0,0,0,0,1,0,0,0,0,0,0,0,0,0,0,0,0,0,0,0,0,0,0,0,0,0,0,0,0,0,0,0,0,0,0,0,0,0,0,0,0,0,0,0,0,0,0,0,0,0,0,0,0,0,0,0,0,0,0,0,0,0,0,0,0,0,0,0,0,0,0,0,0,0,0,0,0,0,0,0,0,0,0,0,0,0,0,0,0,0,0,0,0,0,0,0,100,0,0,0,0,0,0,0,0,0,0
"92","MD REF 6/29/2022  ",94,"MD REF",2022,2,"0-50m",3,"RI","Middlebridge","Reference",NA,41.460094,-71.449401,3,"6/29/2022",6,29,"JH","High/Falling","1044",74,0,2,1,2,0.56,4,0,0,0,0,0,0,0,0,0,0,0,3,0,0,0,0,0,0,0,0,0,0,0,0,0,0,0,0,0,0,0,0,0,0,0,0,0,0,0,0,0,0,0,0,0,0,0,0,0,0,0,0,0,0,0,0,0,0,0,0,0,0,0,0,0,0,0,0,0,0,0,0,0,0,0,0,0,0,0,0,0,0,0,0,0,0,1,0,0,0,0,0,0,0,0,0,0,0,0,0,0,0,0,75,0,0,25,0,0,0,0,0,0,0.25
"93","MD REF 7/10/2023  ",96,"MD REF",2023,2,"0-50m",3,"RI","Middlebridge","Reference",NA,-71.449401,41.460094,3,"7/10/2023",7,10,"JH","Low/Falling","814",70,2,1,1,2,0.56,4,0,0,0,0,0,0,0,0,0,0,0,3,0,0,0,0,0,0,0,0,0,0,0,0,0,0,0,0,0,0,0,0,0,0,0,0,0,0,0,0,0,0,0,0,0,0,0,0,0,1,0,0,0,0,0,0,0,0,0,0,0,0,0,0,0,0,0,0,0,0,0,0,0,0,0,0,0,0,0,0,0,0,0,0,0,0,0,0,0,0,0,0,0,0,0,0,0,0,0,0,0,0,0,75,0,0,0,0,0,25,0,0,0,1.25
"94","MD RUN 6/23/2022  ",97,"MD RUN",2022,1,"0-50m",3,"RI","Middlebridge","Runnel",6,41.460933,-71.4481,2,"6/23/2022",6,23,"SM","High/Falling","613",62,1,1,1,1,0,1,1,0,0,0,0,0,0,0,0,0,0,0,0,0,0,0,0,0,0,0,0,0,0,0,0,0,0,0,0,0,0,0,0,0,0,0,0,0,0,0,0,0,0,0,0,0,0,0,0,0,0,0,0,0,0,0,0,0,0,0,0,0,0,0,0,0,0,0,0,0,0,0,0,0,0,0,0,0,1,0,0,0,0,0,0,0,0,0,0,0,0,0,0,0,0,0,0,0,0,0,0,0,0,0,0,0,100,0,0,0,0,0,0,5
"95","MD RUN 7/10/2023  ",100,"MD RUN",2023,2,"0-50m",3,"RI","Middlebridge","Runnel",7,-71.449686,41.462694,3,"7/10/2023",7,10,"JH","Low/Rising","846",70,2,2,1,4,1.33,6,0,0,0,0,0,0,0,0,0,0,0,1,0,0,0,0,0,0,0,0,0,0,0,0,0,0,0,0,0,0,0,0,2,0,0,0,0,0,0,0,0,0,0,0,0,1,0,0,0,0,0,0,0,0,0,0,0,0,0,0,0,0,0,0,0,0,0,0,0,0,0,0,0,0,0,0,0,0,0,0,0,0,0,0,0,2,0,0,0,0,0,0,0,0,0,0,0,0,0,0,0,0,0,16.7,0,0,0,0,33.3,0,0,50,83.3,4.17
"96","MD RUN 7/7/2022  ",98,"MD RUN",2022,2,"0-50m",3,"RI","Middlebridge","Runnel",6,41.460933,-71.4481,3,"7/7/2022",7,7,"SM","Low/Falling","625",63,0,0,1,2,0.56,4,0,0,0,0,0,0,0,0,0,0,0,3,0,0,0,0,0,0,0,0,0,0,0,1,0,0,0,0,0,0,0,0,0,0,0,0,0,0,0,0,0,0,0,0,0,0,0,0,0,0,0,0,0,0,0,0,0,0,0,0,0,0,0,0,0,0,0,0,0,0,0,0,0,0,0,0,0,0,0,0,0,0,0,0,0,0,0,0,0,0,0,0,0,0,0,0,0,0,0,0,0,0,0,100,0,0,0,0,0,0,0,0,0,0
"97","MM NAC 6/18/2021  ",101,"MM NAC",2021,1,"0-50m",2,"ME","Moody Marsh","No Action",NA,-70.5924,43.2702,2,"6/18/2021",6,18,"ARP/NA","Low/Falling","8:52",74,0,1,1,3,1.01,6,0,0,0,0,0,0,0,0,0,0,0,0,0,0,0,0,0,0,0,0,0,0,0,0,0,0,0,0,3,0,0,0,0,0,0,0,0,0,0,0,0,0,0,0,0,0,0,0,0,0,0,0,0,0,0,0,0,0,0,1,0,0,0,0,0,0,0,0,0,0,0,0,0,0,0,0,0,2,0,0,0,0,0,0,0,0,0,0,0,0,0,0,0,0,0,0,0,0,0,0,0,0,0,0,0,16.7,33.3,0,0,0,50,0,16.7,1.83
"98","MM NAC 6/7/2023  ",103,"MM NAC",2023,1,"0-50m",2,"ME","Moody Marsh","No Action",NA,-70.5924,43.2702,1,"6/7/2023",6,7,"JLG/LG","Low/Falling","6:59",55,1,1,1,5,1.59,11,3,0,0,0,0,0,0,0,0,0,0,0,0,0,0,0,0,0,0,0,2,0,0,0,0,0,0,0,0,0,0,0,0,0,0,0,0,0,0,0,0,0,0,0,0,0,0,0,0,0,0,0,0,0,0,0,0,0,0,0,0,0,0,0,0,0,0,0,0,0,0,0,0,0,0,0,0,2,3,0,0,0,0,0,0,0,0,0,0,2,0,0,2,0,0,0,0,0,0,0,0,0,0,18.2,0,18.2,63.6,0,0,0,0,0,18.2,3.18
"99","MM NAC 7/17/2023  ",104,"MM NAC",2023,2,"0-50m",2,"ME","Moody Marsh","No Action",NA,-70.5924,43.2702,2,"7/17/2023",7,17,"JGM","Low","857",73,1,2,2,2,0.69,4,2,0,0,0,0,0,0,0,0,0,0,0,0,0,0,0,0,0,0,0,0,0,0,0,0,0,0,0,0,0,0,0,0,0,0,0,0,0,0,0,0,0,0,0,0,0,0,0,0,0,0,0,0,0,0,0,0,0,0,0,0,0,0,0,0,0,0,0,0,0,0,0,0,0,0,0,0,2,2,0,0,0,0,0,0,0,0,0,0,0,0,0,0,0,0,0,0,0,0,0,0,0,0,0,0,0,100,0,0,0,0,0,0,4
"100","MM REF 6/18/2021  ",105,"MM REF",2021,1,"0-50m",2,"ME","Moody Marsh","Reference",NA,-70.5891,43.2696,2,"6/18/2021",6,18,"ARP/NA","High/Falling","8:33",68,0,1,1,2,0.69,2,0,0,0,0,0,0,0,0,0,0,0,0,0,0,0,0,0,0,0,0,0,0,0,0,0,0,0,0,0,0,0,0,0,0,0,0,0,0,0,0,0,0,0,0,0,0,0,0,0,0,0,0,0,0,0,0,0,0,0,0,0,0,0,0,0,0,0,0,0,0,0,0,0,0,0,0,0,0,0,0,0,0,0,0,0,0,0,0,0,1,0,0,0,0,0,0,0,1,0,0,0,0,0,50,0,0,0,50,0,0,0,0,50,3
"101","MM REF 6/7/2023  ",107,"MM REF",2023,1,"0-50m",2,"ME","Moody Marsh","Reference",NA,-70.5891,43.2696,1,"6/7/2023",6,7,"JLG/LG","Low/Falling","6:42",53,1,1,1,4,0.48,34,0,0,0,0,0,0,0,0,0,0,0,0,0,0,0,0,0,0,0,0,30,0,0,0,0,0,0,0,1,0,0,0,0,0,0,0,0,0,0,0,0,0,0,0,0,0,0,0,0,0,0,0,0,0,0,0,0,0,0,0,0,0,0,0,0,0,0,0,0,0,0,0,0,0,0,0,0,0,0,0,0,0,0,0,0,0,0,0,0,2,0,0,1,0,0,0,0,0,0,0,0,0,0,5.9,0,88.2,2.9,0,0,0,2.9,0,88.2,4.5
"102","MM REF 7/17/2023  ",108,"MM REF",2023,2,"0-50m",2,"ME","Moody Marsh","Reference",NA,-70.5891,43.2696,2,"7/17/2023",7,17,"JLG","Low","9:00",73,1,0,1,1,0,1,0,0,0,0,0,0,0,0,0,0,0,0,0,0,0,0,0,0,0,0,0,0,0,0,0,0,0,0,0,0,0,0,0,0,0,0,0,0,0,0,0,0,0,0,0,0,0,0,0,0,0,0,0,0,0,0,0,0,0,0,0,0,0,0,0,0,0,0,0,0,0,0,0,0,0,0,0,0,0,0,0,0,0,0,0,0,0,0,0,0,0,0,0,0,0,0,0,1,0,0,0,0,0,0,0,0,0,100,0,0,0,0,100,5
"103","MM REF 7/7/2021  ",106,"MM REF",2021,2,"0-50m",2,"ME","Moody Marsh","Reference",NA,-70.5891,43.2696,3,"7/7/2021",7,7,"ARP/NA","High/Rising","8:34",78,0,2,1,1,0,3,0,0,0,0,0,0,0,0,0,0,0,0,0,0,0,0,0,0,0,0,0,0,0,0,0,0,0,0,0,0,0,0,0,0,0,0,0,0,0,0,0,0,0,0,0,0,0,0,0,0,0,0,0,0,0,0,0,0,0,0,0,0,0,0,0,0,0,0,0,0,0,0,0,0,0,0,0,0,0,0,0,0,0,0,0,0,0,0,0,0,0,0,0,0,0,0,0,3,0,0,0,0,0,0,0,0,0,100,0,0,0,0,100,5
"104","MM RUN 6/18/2021  ",109,"MM RUN",2021,1,"0-50m",2,"ME","Moody Marsh","Runnel",10,-70.59333,43.2664,2,"6/18/2021",6,18,"ARP/NA","High/Falling","7:49",62,0,1,2,1,0,3,0,0,0,0,0,0,0,0,0,0,0,0,0,0,0,0,0,0,0,0,0,0,0,0,0,0,0,0,0,0,0,0,0,0,0,0,0,0,0,0,0,0,0,0,0,0,0,0,0,0,0,0,0,0,0,0,0,0,0,0,0,0,0,0,0,0,0,0,0,0,0,0,0,0,0,0,0,3,0,0,0,0,0,0,0,0,0,0,0,0,0,0,0,0,0,0,0,0,0,0,0,0,0,0,0,0,100,0,0,0,0,0,0,3
"105","MM RUN 6/7/2023  ",111,"MM RUN",2023,1,"0-50m",2,"ME","Moody Marsh","Runnel",12,-70.59333,43.2664,1,"6/7/2023",6,7,"JLG/LG","Low/Falling","6:13",54,1,1,1,5,1.13,14,0,0,0,0,0,0,0,0,0,0,0,0,0,0,0,0,0,0,0,0,9,0,0,0,0,0,0,0,0,0,0,0,0,0,0,0,0,0,0,0,0,0,0,0,0,0,0,0,0,0,0,0,0,0,0,0,0,0,0,0,0,0,0,0,0,0,0,0,0,0,0,0,0,0,2,0,0,1,0,0,0,0,0,0,0,0,0,0,0,1,0,0,1,0,0,0,0,0,0,0,0,0,0,7.1,0,64.3,14.3,0,0,0,14.3,0,64.3,3.57
"106","MM RUN 7/17/2023  ",112,"MM RUN",2023,2,"0-50m",2,"ME","Moody Marsh","Runnel",12,-70.59333,43.2664,2,"7/17/2023",7,17,"JLG","Low","8:00",72,1,0,1,2,0.64,3,0,0,0,0,0,0,0,0,0,2,0,0,0,0,0,0,0,0,0,0,0,0,0,0,0,0,0,0,0,0,0,0,0,0,0,0,0,0,0,0,0,0,0,0,0,0,0,0,0,0,0,0,0,0,0,0,0,0,0,0,0,0,0,0,0,0,0,0,0,0,0,0,0,0,0,0,0,0,0,0,0,0,0,0,0,0,0,0,0,1,0,0,0,0,0,0,0,0,0,0,0,0,0,100,0,0,0,0,0,0,0,0,0,1
"107","MM RUN 7/7/2021  ",110,"MM RUN",2021,2,"0-50m",2,"ME","Moody Marsh","Runnel",10,-70.59333,43.2664,3,"7/7/2021",7,7,"ARP/NA","High/Rising","7:54",77,0,1,1,2,0.69,2,1,0,0,0,0,0,0,0,0,0,0,0,0,0,0,0,0,0,0,0,0,0,0,0,0,0,0,0,0,0,0,0,0,0,0,0,0,0,0,0,0,0,0,0,0,0,0,0,0,0,0,0,0,0,0,0,0,0,0,0,0,0,0,1,0,0,0,0,0,0,0,0,0,0,0,0,0,0,0,0,0,0,0,0,0,0,0,0,0,1,0,0,0,0,0,0,0,0,0,0,0,0,0,50,0,0,50,0,0,0,0,0,0,3
"108","NR NAC 5/31/2022  ",113,"NR NAC",2022,1,"0-50m",3,"RI","Narrow River","No Action",NA,-71.456087,41.451944,1,"5/31/2022",5,31,"SM","High","953",76,0,1,1,2,0.64,3,1,0,0,0,0,0,0,0,0,0,0,0,0,0,0,0,0,0,0,0,0,0,0,0,0,0,0,0,0,0,0,0,0,0,0,0,0,0,0,0,0,0,0,0,0,0,0,0,0,0,0,0,0,0,0,0,0,0,0,2,0,0,0,0,0,0,0,0,0,0,0,0,0,0,0,0,0,0,1,0,0,0,0,0,0,0,0,0,0,0,0,0,0,0,0,0,0,0,0,0,0,0,0,0,0,66.7,33.3,0,0,0,0,0,66.7,5
"109","NR NAC 6/23/2023  ",114,"NR NAC",2023,1,"0-50m",3,"RI","Narrow River","No Action",NA,-71.456087,41.451944,2,"6/23/2023",6,23,"JH","Low","721",63,2,1,1,3,0.94,10,5,0,0,0,0,0,0,0,0,0,0,1,0,0,0,0,0,0,0,0,0,0,0,0,0,0,0,0,0,0,0,0,0,0,0,0,0,0,0,0,0,0,0,0,0,0,0,0,0,0,0,0,0,0,0,0,0,0,0,4,0,0,0,0,0,0,0,0,0,0,0,0,0,0,0,0,0,0,5,0,0,0,0,0,0,0,0,0,0,0,0,0,0,0,0,0,0,0,0,0,0,0,0,10,0,40,50,0,0,0,0,0,40,4.5
"110","NR NAC 7/10/2023  ",115,"NR NAC",2023,2,"0-50m",3,"RI","Narrow River","No Action",NA,-71.456087,41.451944,3,"7/10/2023",7,10,"JH","Low/Falling","654",70,2,2,1,5,1.23,22,10,0,0,0,0,0,0,0,0,0,0,8,0,0,0,0,0,0,0,0,0,0,0,0,0,0,0,0,0,0,0,0,0,0,0,0,0,0,0,0,0,0,0,0,0,0,0,0,0,0,0,0,0,0,0,0,0,0,0,0,0,0,0,0,0,0,0,0,0,0,0,0,0,0,0,0,0,0,10,0,1,0,0,0,0,0,0,0,0,0,0,0,0,0,0,0,1,2,0,0,0,0,0,40.9,0,0,45.5,13.6,0,0,0,0,13.6,2.95
"111","NR REF 5/31/2022  ",116,"NR REF",2022,1,"0-50m",3,"RI","Narrow River","Reference",NA,41.447894,-71.461905,1,"5/31/2022",5,31,"SM","High/Falling","1035",81,0,2,2,1,0,3,0,0,0,0,0,0,0,0,0,0,0,3,0,0,0,0,0,0,0,0,0,0,0,0,0,0,0,0,0,0,0,0,0,0,0,0,0,0,0,0,0,0,0,0,0,0,0,0,0,0,0,0,0,0,0,0,0,0,0,0,0,0,0,0,0,0,0,0,0,0,0,0,0,0,0,0,0,0,0,0,0,0,0,0,0,0,0,0,0,0,0,0,0,0,0,0,0,0,0,0,0,0,0,100,0,0,0,0,0,0,0,0,0,0
"112","NR REF 6/24/2023  ",118,"NR REF",2023,1,"0-50m",3,"RI","Narrow River","Reference",NA,-71.461905,41.447894,2,"6/24/2023",6,24,"JH","Low","729",67,5,0,1,2,0.69,8,4,0,0,0,0,0,0,0,0,0,0,0,0,0,0,0,0,0,0,0,0,0,0,0,0,0,0,0,0,0,0,0,0,0,0,0,0,0,0,0,0,0,0,0,0,0,0,0,0,0,0,0,0,0,0,0,0,0,0,0,0,0,0,0,0,0,0,0,0,0,0,0,0,0,0,0,0,0,4,0,0,0,0,0,0,0,0,0,0,4,0,0,0,0,0,0,0,0,0,0,0,0,0,50,0,0,50,0,0,0,0,0,0,3
"113","NR REF 6/29/2022  ",117,"NR REF",2022,2,"0-50m",3,"RI","Narrow River","Reference",NA,41.447894,-71.461905,3,"6/29/2022",6,29,"JH","High/Falling","932",69,1,0,0,4,1.38,13,4,0,0,0,0,0,0,0,0,0,0,0,0,0,0,0,0,0,0,0,0,0,0,0,0,0,0,0,0,0,0,0,0,0,0,0,0,0,0,0,0,0,0,0,3,0,0,0,0,0,0,0,0,0,0,0,0,0,0,0,0,0,0,0,0,0,0,0,0,0,0,0,0,0,0,0,0,3,4,0,0,0,0,0,0,0,0,0,0,0,0,0,0,0,0,0,0,3,0,0,0,0,0,0,0,0,53.8,23.1,0,0,0,23.1,46.2,4.54
"114","NR REF 7/10/2023  ",119,"NR REF",2023,2,"0-50m",3,"RI","Narrow River","Reference",NA,-71.461905,41.447894,3,"7/10/2023",7,10,"JH","Low/Falling","716",70,2,3,1,4,1.27,15,5,0,0,0,0,0,0,0,0,0,0,2,0,0,0,0,0,0,0,0,0,0,0,0,0,0,0,0,0,0,0,0,0,0,0,0,0,0,0,0,0,0,0,0,6,0,0,0,0,0,0,0,0,0,0,0,0,0,0,0,0,0,0,0,0,0,0,0,0,0,0,0,0,0,0,0,0,2,5,0,0,0,0,0,0,0,0,0,0,0,0,0,0,0,0,0,0,0,0,0,0,0,0,13.3,0,0,46.7,0,0,0,0,40,40,4.07
"115","NR RUN 6/2/2022  ",120,"NR RUN",2022,1,"0-50m",3,"RI","Narrow River","Runnel",6,41.444954,-71.464571,2,"6/2/2022",6,2,"SM","High","1026",63,2,1,1,1,0,1,0,0,0,0,0,0,0,0,0,0,0,0,0,0,0,0,0,0,0,0,0,0,0,0,0,0,0,0,0,0,0,0,0,0,0,0,0,0,0,0,0,0,0,0,0,0,0,0,0,0,0,0,0,0,0,0,0,0,0,0,0,0,0,0,0,0,0,0,0,0,0,0,0,0,0,0,0,0,0,0,0,0,0,0,0,0,0,0,0,0,0,0,0,0,0,0,0,1,0,0,0,0,0,0,0,0,0,100,0,0,0,0,100,5
"116","NR RUN 6/24/2023  ",122,"NR RUN",2023,1,"0-50m",3,"RI","Narrow River","Runnel",7,-71.464571,41.444954,2,"6/24/2023",6,24,"JH","Low","749",67,5,0,1,4,1.05,25,15,0,0,0,0,0,0,0,0,0,0,2,0,0,0,0,0,0,0,0,0,0,0,0,0,0,0,0,0,0,0,0,0,0,0,0,0,0,0,0,0,0,0,0,0,0,0,0,0,0,0,0,0,0,0,0,0,0,0,0,0,0,0,0,0,0,0,0,0,0,0,0,0,0,0,0,0,0,15,0,0,0,0,0,0,0,2,0,0,0,0,0,0,0,0,0,0,6,0,0,0,0,0,8,0,0,68,24,0,0,0,0,24,4.28
"117","NR RUN 6/29/2022  ",121,"NR RUN",2022,2,"0-50m",3,"RI","Narrow River","Runnel",6,41.444954,-71.464571,3,"6/29/2022",6,29,"JH","High/Falling","1000",71,1,1,1,3,1.08,8,0,0,0,0,0,0,0,0,0,0,0,2,0,0,0,0,0,0,0,0,0,0,0,0,0,0,0,0,0,0,0,0,0,0,0,0,0,0,0,0,0,0,0,0,0,0,0,0,0,0,0,0,0,0,0,0,0,0,0,0,0,0,0,0,0,0,0,0,0,0,0,0,0,0,0,0,0,3,0,0,0,0,0,0,0,3,0,0,0,0,0,0,0,0,0,0,0,0,0,0,0,0,0,25,0,0,37.5,0,0,0,0,37.5,37.5,3
"118","NR RUN 7/10/2023  ",123,"NR RUN",2023,2,"0-50m",3,"RI","Narrow River","Runnel",7,-71.464571,41.444954,3,"7/10/2023",7,10,"JH","Low/Falling","736",70,2,2,1,2,0.43,13,11,0,0,0,0,0,0,0,0,0,0,0,0,0,0,0,0,0,0,0,0,0,0,0,0,0,0,0,0,0,0,0,0,0,0,0,0,0,0,0,0,0,0,0,0,0,0,0,0,0,0,0,0,0,0,0,0,0,0,0,0,0,0,0,0,0,0,0,0,0,0,0,0,0,0,0,0,0,11,0,0,0,0,0,0,0,2,0,0,0,0,0,0,0,0,0,0,0,0,0,0,0,0,0,0,0,100,0,0,0,0,0,0,4.38
"119","OTH NAC 5/31/2022  ",124,"OTH NAC",2022,1,"0-50m",2,"MA","Old Town Hill","No Action",NA,-70.860789,42.777164,1,"5/31/2022",5,31,"JLG","Low","7:58",72,1,2,2,2,0.35,9,1,0,0,0,0,0,0,0,0,0,0,0,0,0,0,0,0,0,0,0,0,0,0,0,0,0,0,0,0,0,0,0,0,0,0,0,0,0,0,0,0,0,0,0,0,0,0,0,0,0,0,0,0,0,0,0,0,0,0,0,0,0,0,0,0,0,0,0,0,0,0,0,0,0,0,0,0,8,1,0,0,0,0,0,0,0,0,0,0,0,0,0,0,0,0,0,0,0,0,0,0,0,0,0,0,0,100,0,0,0,0,0,0,3.22
"120","OTH NAC 6/6/2023  ",126,"OTH NAC",2023,1,"0-50m",2,"MA","Old Town Hill","No Action",NA,-70.860789,42.777164,1,"6/6/2023",6,6,"JLG","Low/Falling","6:53",54,1,1,1,4,1.2,12,3,0,0,0,0,0,0,0,0,0,0,0,0,0,1,0,0,0,0,0,0,0,0,0,0,0,0,0,0,0,0,0,0,0,0,0,0,0,0,0,0,0,0,0,0,0,0,0,0,0,0,0,0,0,0,0,0,0,0,0,0,0,0,0,0,0,0,0,0,0,0,0,0,0,0,0,0,6,3,0,0,0,0,0,0,0,0,0,0,2,0,0,0,0,0,0,0,0,0,0,0,0,0,16.7,0,0,75,0,0,0,8.3,0,0,2.92
"121","OTH NAC 7/5/2022  ",125,"OTH NAC",2022,2,"0-50m",2,"MA","Old Town Hill","No Action",NA,-70.860789,42.777164,2,"7/5/2022",7,5,"JLG","High/Falling","7:01",67,1,0,1,5,1.26,13,7,0,0,0,0,1,0,0,0,0,0,0,0,0,0,0,1,0,0,0,0,0,0,0,0,0,1,0,0,0,0,0,0,0,0,0,0,0,0,0,0,0,0,0,0,0,0,0,0,0,0,0,0,0,0,0,0,0,0,0,0,0,0,0,0,0,0,0,0,0,0,0,0,0,0,0,0,3,7,0,0,0,0,0,0,0,0,0,0,0,0,0,0,0,0,0,0,0,0,0,0,0,0,0,0,0,84.6,0,0,0,15.4,0,0,3.77
"122","OTH NAC 7/7/2023  ",127,"OTH NAC",2023,2,"0-50m",2,"MA","Old Town Hill","No Action",NA,-70.860789,42.777164,2,"7/7/2023",7,7,"JLG","Low/Falling","7:07",72,1,1,1,3,1,7,0,0,0,0,0,0,0,0,0,0,0,0,0,0,0,0,0,0,0,0,0,0,0,0,0,0,0,0,0,0,0,0,0,0,0,0,0,0,0,0,0,0,0,0,0,0,0,0,0,0,0,0,0,0,0,0,0,0,0,3,0,0,0,0,0,0,0,0,0,0,0,0,0,0,0,0,0,3,0,0,0,0,0,0,0,0,0,0,0,1,0,0,0,0,0,0,0,0,0,0,0,0,0,14.3,0,42.9,42.9,0,0,0,0,0,42.9,3.57
"123","OTH REF 5/31/2022  ",128,"OTH REF",2022,1,"0-50m",2,"MA","Old Town Hill","Reference",NA,-70.862339,42.774958,1,"5/31/2022",5,31,"JLG","Low","7:38",64,1,2,2,3,0.9,10,3,0,0,0,0,0,0,0,0,0,0,0,0,0,0,0,0,0,0,0,0,0,0,0,0,0,0,0,0,0,0,0,0,0,0,0,0,0,0,0,0,0,0,0,0,0,0,0,0,0,0,0,0,0,0,0,0,0,0,0,0,0,0,0,0,0,0,0,0,0,0,0,0,0,0,0,0,6,3,0,0,0,0,0,0,0,0,0,0,0,0,0,0,0,0,0,0,1,0,0,0,0,0,0,0,0,90,10,0,0,0,0,10,3.8
"124","OTH REF 6/6/2023  ",130,"OTH REF",2023,1,"0-50m",2,"MA","Old Town Hill","Reference",NA,-70.862339,42.774958,1,"6/6/2023",6,6,"JLG","Low/Falling","7:14",53,1,1,1,6,1.52,24,10,0,0,0,0,0,0,0,0,0,0,0,0,0,0,0,0,0,0,0,0,0,0,0,0,0,0,0,0,0,0,0,0,0,0,0,0,0,0,0,0,0,0,0,0,0,0,0,0,0,0,0,1,0,0,0,0,0,0,0,0,0,0,2,0,0,0,0,0,0,0,0,0,0,0,0,0,7,8,0,0,0,0,0,0,0,0,0,0,1,0,0,0,0,0,0,0,5,0,0,0,0,0,4.2,0,0,75,20.8,0,0,0,0,20.8,4.04
"125","OTH REF 7/5/2022  ",129,"OTH REF",2022,2,"0-50m",2,"MA","Old Town Hill","Reference",NA,-70.862339,42.774958,2,"7/5/2022",7,5,"JLG","High/Falling","7:33",68,1,0,1,3,0.86,15,3,0,0,0,0,2,0,0,0,0,0,0,0,0,0,0,0,0,0,0,0,0,0,0,0,0,0,0,0,0,0,0,0,0,0,0,0,0,0,0,0,0,0,0,0,0,0,0,0,0,0,0,0,0,0,0,0,0,0,0,0,0,0,0,0,0,0,0,0,0,0,0,0,0,0,0,0,10,3,0,0,0,0,0,0,0,0,0,0,0,0,0,0,0,0,0,0,0,0,0,0,0,0,0,0,0,86.7,0,0,0,13.3,0,0,3
"126","OTH REF 7/7/2023  ",131,"OTH REF",2023,2,"0-50m",2,"MA","Old Town Hill","Reference",NA,-70.862339,42.774958,2,"7/7/2023",7,7,"JLG","Low/Falling","8:06",74,1,1,1,3,1.09,17,5,0,0,0,0,0,0,0,0,0,0,0,0,0,0,0,0,0,0,0,0,0,0,0,0,0,0,0,0,0,0,0,0,0,0,0,0,0,0,0,0,0,0,0,0,0,0,0,0,0,0,0,0,0,0,0,0,0,0,0,0,0,0,0,0,0,0,0,0,0,0,0,0,0,0,0,0,5,5,0,0,0,0,0,0,0,0,0,0,7,0,0,0,0,0,0,0,0,0,0,0,0,0,41.2,0,0,58.8,0,0,0,0,0,0,2.76
"127","OTH RUN 5/31/2022  ",132,"OTH RUN",2022,1,"0-50m",2,"MA","Old Town Hill","Runnel",1,-70.859639,42.771683,1,"5/31/2022",5,31,"JLG","Low/Falling","6:43",62,1,0,2,2,0.69,8,0,0,0,0,0,0,0,0,0,0,0,0,0,0,0,0,0,0,0,0,0,0,0,0,0,0,0,0,0,0,0,0,0,0,0,0,0,0,0,0,0,0,0,0,0,0,0,0,0,0,0,0,0,0,0,0,0,0,0,0,0,0,0,0,0,0,0,0,0,0,0,0,0,0,0,0,0,4,0,0,0,0,0,0,0,0,0,0,0,0,0,0,0,0,0,0,0,4,0,0,0,0,0,0,0,0,50,50,0,0,0,0,50,4
"128","OTH RUN 6/6/2023  ",134,"OTH RUN",2023,1,"0-50m",2,"MA","Old Town Hill","Runnel",2,-70.859639,42.771683,1,"6/6/2023",6,6,"JLG","Low/Falling","8:41",60,1,2,2,3,1.09,15,6,0,0,0,0,0,0,0,0,0,0,0,0,0,0,0,0,0,0,0,0,0,0,0,0,0,0,0,0,0,0,0,0,0,0,0,0,0,0,0,0,0,0,0,0,0,0,0,0,0,0,0,0,0,0,0,0,0,0,0,0,0,0,0,0,0,0,0,0,0,0,0,0,0,0,0,0,5,6,0,0,0,0,0,0,0,0,0,0,0,0,0,0,0,0,0,0,4,0,0,0,0,0,0,0,0,73.3,26.7,0,0,0,0,26.7,4.33
"129","OTH RUN 7/5/2022  ",133,"OTH RUN",2022,2,"0-50m",2,"MA","Old Town Hill","Runnel",1,-70.859639,42.771683,2,"7/5/2022",7,5,"JLG","High/Falling","6:38",65,1,0,1,3,1.04,4,1,0,0,0,0,0,0,0,0,0,0,0,0,0,0,0,0,0,0,0,0,0,0,0,0,0,0,0,0,0,0,0,0,0,0,0,0,0,0,0,0,0,0,0,0,0,0,0,0,0,0,0,0,0,0,0,0,0,0,0,0,0,0,0,0,0,0,0,0,0,0,0,0,0,0,0,0,1,1,0,0,0,0,0,0,0,0,0,0,0,0,0,0,0,0,0,0,2,0,0,0,0,0,0,0,0,50,50,0,0,0,0,50,4.5
"130","OTH RUN 7/7/2023  ",135,"OTH RUN",2023,2,"0-50m",2,"MA","Old Town Hill","Runnel",2,-70.859639,42.771683,2,"7/7/2023",7,7,"JLG","Low/Falling","6:33",72,1,1,1,4,1.32,8,2,0,0,0,0,0,0,0,0,0,0,0,0,0,0,0,0,0,0,0,0,0,0,0,0,0,0,0,0,0,0,0,0,0,0,0,0,0,0,0,0,0,0,0,0,0,0,0,0,0,0,0,0,0,0,0,0,0,0,0,0,0,0,0,0,0,0,0,0,0,0,0,0,0,0,0,0,3,2,0,0,0,0,0,0,0,0,0,0,2,0,0,0,0,0,0,0,1,0,0,0,0,0,25,0,0,62.5,12.5,0,0,0,0,12.5,3.25
"131","PINE NAC 6/23/2021  ",136,"PINE NAC",2021,1,"0-50m",2,"MA","Pine Island","No Action",NA,-70.828,42.76816,2,"6/23/2021",6,23,"JLG/JGM","High","10:35",65,0,2,1,4,1.31,9,1,0,0,0,0,0,0,0,0,0,0,0,0,0,0,0,0,0,0,0,0,0,0,0,0,0,0,0,0,0,0,0,0,0,0,0,0,0,0,0,0,0,0,0,0,0,0,0,0,0,0,0,0,0,0,0,0,0,0,0,0,0,0,0,0,0,0,0,0,0,0,0,0,0,0,0,0,0,1,0,0,0,0,0,0,2,0,0,0,0,0,0,3,0,0,0,0,3,0,0,0,0,0,0,0,0,44.4,33.3,0,0,0,22.2,55.6,3.67
"132","PINE NAC 6/8/2023  ",138,"PINE NAC",2023,1,"0-50m",2,"MA","Pine Island","No Action",NA,-70.828,42.76816,1,"6/8/2023",6,8,"JGM","Low/Falling","8:30",63,3,1,0,4,1.27,9,1,0,0,0,0,0,0,0,0,0,0,0,0,0,0,0,0,0,4,0,0,0,0,0,0,0,0,0,0,2,0,0,0,0,0,0,0,0,0,0,0,0,0,0,0,0,0,0,0,0,0,0,0,0,2,0,0,0,0,0,0,0,0,0,0,0,0,0,0,0,0,0,0,0,0,0,0,0,1,0,0,0,0,0,0,0,0,0,0,0,0,0,0,0,0,0,0,0,0,0,0,0,0,0,0,0,55.6,22.2,22.2,0,0,0,44.4,3.22
"133","PINE NAC 7/18/2023  ",139,"PINE NAC",2023,2,"0-50m",2,"MA","Pine Island","No Action",NA,-70.828,42.76816,2,"7/18/2023",7,18,"JGM","Low","730",72,2,1,1,5,1.4,17,0,0,0,0,0,0,0,0,0,0,0,0,0,0,0,0,0,0,7,0,0,0,0,0,0,0,0,0,0,0,0,0,0,0,0,0,0,0,0,0,0,0,0,0,0,0,0,0,0,0,0,0,0,0,0,0,0,0,0,0,0,0,0,0,0,0,0,2,0,0,0,0,0,0,0,0,0,0,0,0,0,0,0,0,0,0,0,0,0,5,0,0,0,0,0,0,0,2,0,0,0,1,0,41.2,0,0,41.2,17.6,0,0,0,0,17.6,1.94
"134","PINE NAC 7/7/2021  ",137,"PINE NAC",2021,2,"0-50m",2,"MA","Pine Island","No Action",NA,-70.828,42.76816,3,"7/7/2021",7,7,"JLG/NA","Low/Rising","7:28",73,0,1,1,2,0.67,5,0,0,0,0,0,0,0,0,0,0,0,0,0,0,0,0,0,0,0,0,0,0,0,0,0,0,0,0,0,0,0,0,0,0,0,0,0,0,0,0,0,0,0,0,0,0,0,0,0,0,0,0,0,0,0,0,0,0,0,0,0,0,0,0,0,0,0,0,0,0,0,0,0,0,0,0,0,0,0,0,0,0,0,2,0,0,0,0,0,0,0,0,0,0,0,0,0,3,0,0,0,0,0,0,0,0,0,100,0,0,0,0,100,5
"135","PINE REF North 6/23/2021  ",140,"PINE REF North",2021,1,"0-50m",2,"MA","Pine Island","Reference",NA,-70.832,42.7709,2,"6/23/2021",6,23,"ARP/NA","High/Rising","9:07",63,0,3,1,2,0.69,4,4,0,0,0,0,0,0,0,0,0,0,0,0,0,0,0,0,0,0,0,0,0,0,0,0,0,0,0,0,0,0,0,0,0,0,0,0,0,0,0,0,0,0,0,0,0,0,0,0,0,0,0,0,0,0,0,0,0,0,0,0,0,0,0,0,0,0,0,0,0,0,0,0,0,0,0,0,0,2,0,0,0,0,0,0,0,0,0,2,0,0,0,0,0,0,0,0,0,0,0,0,0,0,0,0,0,100,0,0,0,0,0,0,5
"136","PINE REF North 6/8/2023  ",142,"PINE REF North",2023,1,"0-50m",2,"MA","Pine Island","Reference",NA,-70.832,42.7709,1,"6/8/2023",6,8,"JGM","Low/Falling","7:25",55,2,1,1,3,1.05,5,2,0,0,0,0,0,0,0,0,0,0,0,0,0,0,0,0,0,2,0,0,0,0,0,1,0,0,0,0,0,0,0,0,0,0,0,0,0,0,0,0,0,0,0,0,0,0,0,0,0,0,0,0,0,0,0,0,0,0,0,0,0,0,0,0,0,0,0,0,0,0,0,0,0,0,0,0,0,2,0,0,0,0,0,0,0,0,0,0,0,0,0,0,0,0,0,0,0,0,0,0,0,0,0,0,0,100,0,0,0,0,0,0,2.4
"137","PINE REF North 7/18/2023  ",143,"PINE REF North",2023,2,"0-50m",2,"MA","Pine Island","Reference",NA,-70.832,42.7709,2,"7/18/2023",7,18,"JGM","Low/Rising","1030",75,2,1,1,3,0.9,10,6,0,0,0,0,0,0,0,0,0,0,0,0,0,0,0,0,0,3,0,0,0,0,0,0,0,0,0,0,0,0,0,0,0,0,0,0,0,0,0,0,0,0,0,0,0,0,0,0,0,0,0,0,0,0,0,0,0,0,0,0,0,0,0,0,0,0,1,0,0,0,0,0,0,0,0,0,0,6,0,0,0,0,0,0,0,0,0,0,0,0,0,0,0,0,0,0,0,0,0,0,0,0,10,0,0,90,0,0,0,0,0,0,3.6
"138","PINE REF North 7/7/2021  ",141,"PINE REF North",2021,2,"0-50m",2,"MA","Pine Island","Reference",NA,-70.832,42.7709,3,"7/7/2021",7,7,"JLG/NA","Low","6:33",72,1,1,1,2,0.64,9,3,0,0,0,0,0,0,0,0,0,0,0,0,0,0,0,0,0,0,0,0,0,0,0,0,0,0,0,0,0,0,0,0,0,0,0,0,0,0,0,0,0,0,0,0,0,0,0,0,0,0,0,0,0,0,0,0,0,0,0,0,0,0,0,0,0,0,0,0,0,0,0,0,0,0,0,0,0,3,0,0,0,0,0,0,0,0,0,0,0,0,0,0,0,0,0,0,6,0,0,0,0,0,0,0,0,33.3,66.7,0,0,0,0,66.7,5
"139","PINE REF South 6/23/2021  ",144,"PINE REF South",2021,1,"0-50m",2,"MA","Pine Island","Reference",NA,-70.82514,42.7653,2,"6/23/2021",6,23,"JLG/JGM","High/Rising","9:24",63,0,3,1,3,1.04,4,1,0,0,0,0,0,0,0,0,0,0,0,0,0,0,0,0,0,0,0,0,0,0,0,0,0,0,0,0,0,0,0,0,0,0,0,0,0,0,0,0,0,0,0,0,0,0,0,0,0,0,0,0,0,0,0,0,0,0,0,0,0,0,1,0,0,0,1,0,0,0,0,0,0,0,0,0,0,0,0,0,0,0,0,0,0,0,0,0,0,0,0,0,0,0,0,0,2,0,0,0,0,0,25,0,0,25,50,0,0,0,0,50,4.5
"140","PINE REF South 6/8/2023  ",146,"PINE REF South",2023,1,"0-50m",2,"MA","Pine Island","Reference",NA,-70.82514,42.7653,1,"6/8/2023",6,8,"JGM","Low/Falling","9:15",65,2,0,0,3,0.96,7,2,0,0,0,0,0,0,0,0,0,0,0,0,0,0,0,0,0,4,0,0,0,0,0,0,0,0,0,0,0,0,0,0,0,0,0,0,0,0,0,0,0,0,0,0,0,0,0,0,0,0,0,0,0,0,0,0,0,0,0,0,0,0,0,0,0,0,0,0,0,0,0,0,0,0,0,0,1,2,0,0,0,0,0,0,0,0,0,0,0,0,0,0,0,0,0,0,0,0,0,0,0,0,0,0,0,100,0,0,0,0,0,0,2.43
"141","PINE REF South 7/18/2023  ",147,"PINE REF South",2023,2,"0-50m",2,"MA","Pine Island","Reference",NA,-70.82514,42.7653,2,"7/18/2023",7,18,"JGM","Low/Rising","800",72,2,1,1,2,0.64,6,4,0,0,0,0,0,0,0,0,0,0,0,0,0,0,0,0,0,0,0,0,0,0,0,0,0,0,0,0,0,0,0,0,0,0,0,0,0,0,0,0,0,0,0,0,0,0,0,0,0,0,0,0,0,0,0,0,0,0,0,0,0,0,0,0,0,0,0,0,0,0,0,0,0,0,0,0,0,4,0,0,0,0,0,0,0,0,0,0,0,0,0,0,0,0,0,0,2,0,0,0,0,0,0,0,0,66.7,33.3,0,0,0,0,33.3,5
"142","PINE REF South 7/7/2021  ",145,"PINE REF South",2021,2,"0-50m",2,"MA","Pine Island","Reference",NA,-70.82514,42.7653,3,"7/7/2021",7,7,"JLG/NA","Low/Rising","7:56",73,0,2,1,3,1.03,12,0,0,0,0,0,0,0,0,0,0,0,0,0,0,0,0,0,0,5,0,0,0,0,0,0,0,0,0,0,0,0,0,0,0,0,0,0,0,0,0,0,0,0,0,0,0,2,0,0,0,0,0,0,0,0,0,0,0,0,0,0,0,0,0,0,0,0,0,0,0,0,0,0,0,0,0,0,0,0,0,0,0,0,0,0,0,0,0,0,0,0,0,0,0,0,0,0,5,0,0,0,0,0,0,0,0,41.7,58.3,0,0,0,0,58.3,3.33
"143","PINE RUN North 6/23/2021  ",148,"PINE RUN North",2021,1,"0-50m",2,"MA","Pine Island","Runnel",6,-70.83,42.7696,2,"6/23/2021",6,23,"ARP/NA","High/Rising","9:35",65,0,2,1,3,1.04,4,4,0,0,0,0,0,0,0,0,0,0,0,0,0,0,0,0,0,0,0,0,0,0,0,0,0,0,0,0,0,0,0,0,0,0,0,0,0,0,0,0,0,0,0,0,0,0,0,0,0,0,0,0,0,0,0,0,0,0,0,0,0,0,1,0,0,0,0,0,0,0,0,0,0,0,0,0,0,1,0,0,0,0,0,0,0,0,0,2,0,0,0,0,0,0,0,0,0,0,0,0,0,0,0,0,0,100,0,0,0,0,0,0,5
"144","PINE RUN North 6/8/2023  ",150,"PINE RUN North",2023,1,"0-50m",2,"MA","Pine Island","Runnel",8,-70.83,42.7696,1,"6/8/2023",6,8,"JGM","Low/Falling","7:50",55,2,1,0,5,1.52,12,4,0,0,0,0,0,0,0,0,0,0,0,0,0,0,0,0,0,0,0,0,0,0,0,0,0,0,0,0,2,0,0,0,0,0,0,0,0,0,0,2,0,0,0,0,0,0,0,0,0,0,0,0,0,0,0,0,0,0,0,0,0,0,0,0,0,0,0,0,0,0,0,0,0,0,0,0,3,4,0,0,0,0,0,0,1,0,0,0,0,0,0,0,0,0,0,0,0,0,0,0,0,0,0,0,0,58.3,0,16.7,0,0,25,41.7,4.5
"145","PINE RUN North 7/18/2023  ",151,"PINE RUN North",2023,2,"0-50m",2,"MA","Pine Island","Runnel",8,-70.83,42.7696,2,"7/18/2023",7,18,"JGM","Low/Rising","1029",77,2,1,0,6,1.6,32,4,0,0,0,0,0,0,0,0,0,0,0,0,0,0,0,0,0,3,0,0,0,0,0,0,0,0,0,0,2,0,0,0,0,0,0,0,0,0,0,0,0,0,0,0,0,0,0,0,0,0,0,0,0,0,0,0,0,0,0,0,0,0,0,0,0,0,0,0,0,0,0,0,0,0,0,0,0,4,0,0,0,0,5,0,0,0,0,0,5,0,0,0,0,0,0,0,13,0,0,0,0,0,15.6,0,0,21.9,56.2,6.2,0,0,0,62.5,4
"146","PINE RUN North 7/7/2021  ",149,"PINE RUN North",2021,2,"0-50m",2,"MA","Pine Island","Runnel",6,-70.83,42.7696,3,"7/7/2021",7,7,"JLG/NA","Low","6:14",72,1,1,1,4,1.23,19,5,0,0,0,0,0,0,0,0,0,0,0,0,0,0,0,0,0,0,0,0,0,0,0,0,0,0,0,0,0,0,0,0,0,0,0,0,0,0,0,0,0,0,0,0,0,2,0,0,0,0,0,0,0,0,0,0,0,0,0,0,0,0,0,0,0,0,0,0,0,0,0,0,0,0,0,0,0,5,0,0,0,0,3,0,0,0,0,0,0,0,0,0,0,0,0,0,9,0,0,0,0,0,0,0,0,26.3,73.7,0,0,0,0,73.7,5
"147","PINE RUN South 6/23/2021  ",152,"PINE RUN South",2021,1,"0-50m",2,"MA","Pine Island","Runnel",6,-70.82254,42.764,2,"6/23/2021",6,23,"JLG/JGM","High/Rising","9:46",63,0,3,1,3,0.85,9,0,0,0,0,0,0,0,0,0,0,0,0,0,0,0,0,0,0,0,0,0,0,0,0,0,0,0,0,0,1,0,0,0,0,0,0,0,0,0,0,0,0,0,0,0,0,0,0,0,0,0,0,0,0,0,0,0,0,0,0,0,0,0,0,0,0,0,0,0,0,0,0,0,0,0,0,0,0,0,0,0,0,0,0,0,0,0,0,0,0,0,0,2,0,0,0,0,6,0,0,0,0,0,0,0,0,22.2,66.7,11.1,0,0,0,77.8,4.11
"148","PINE RUN South 6/8/2023  ",154,"PINE RUN South",2023,1,"0-50m",2,"MA","Pine Island","Runnel",8,-70.82254,42.764,1,"6/8/2023",6,8,"JGM","Low/Falling","9:30",63,2,1,0,1,0,7,7,0,0,0,0,0,0,0,0,0,0,0,0,0,0,0,0,0,0,0,0,0,0,0,0,0,0,0,0,0,0,0,0,0,0,0,0,0,0,0,0,0,0,0,0,0,0,0,0,0,0,0,0,0,0,0,0,0,0,0,0,0,0,0,0,0,0,0,0,0,0,0,0,0,0,0,0,0,7,0,0,0,0,0,0,0,0,0,0,0,0,0,0,0,0,0,0,0,0,0,0,0,0,0,0,0,100,0,0,0,0,0,0,5
"149","PINE RUN South 7/18/2023  ",155,"PINE RUN South",2023,2,"0-50m",2,"MA","Pine Island","Runnel",8,-70.82254,42.764,2,"7/18/2023",7,18,"JGM","Low/Rising","812",73,2,1,0,6,1.7,16,4,0,0,0,0,0,0,0,0,0,0,0,0,0,0,0,0,0,0,0,0,0,0,0,0,0,0,0,0,1,0,0,0,0,0,0,0,0,0,0,0,0,0,0,2,0,0,0,0,0,0,0,0,0,2,0,0,0,0,0,0,0,0,0,0,0,0,0,0,0,0,0,0,0,0,0,0,0,4,0,0,0,0,4,0,0,0,0,0,0,0,0,0,0,0,0,0,3,0,0,0,0,0,0,0,0,25,56.2,6.2,0,0,12.5,75,5
"150","PINE RUN South 7/7/2021  ",153,"PINE RUN South",2021,2,"0-50m",2,"MA","Pine Island","Runnel",6,-70.82254,42.764,3,"7/7/2021",7,7,"JLG/NA","Low/Rising","8:16",73,0,2,1,2,0.61,17,0,0,0,0,0,0,0,0,0,0,0,0,0,0,0,0,0,0,0,0,0,0,0,0,0,0,0,0,0,0,0,0,0,0,0,0,0,0,0,0,0,0,0,0,0,0,0,0,0,0,0,0,0,0,0,0,0,0,0,0,0,0,0,0,0,0,0,0,0,0,0,0,0,0,0,0,0,0,0,0,0,0,0,5,0,0,0,0,0,0,0,0,0,0,0,0,0,12,0,0,0,0,0,0,0,0,0,100,0,0,0,0,100,5
"151","PLHA NAC 6/1/2022  ",156,"PLHA NAC",2022,1,"0-50m",2,"MA","Plum Island","No Action",NA,-70.808297,42.761219,1,"6/1/2022",6,1,"JLG","Low","8:24",57,1,1,2,4,1.03,11,1,0,0,0,0,0,0,0,0,0,0,0,0,0,0,0,0,0,0,0,0,0,0,0,0,0,0,0,0,0,0,0,0,0,0,0,0,0,0,0,0,0,0,0,0,0,0,0,0,0,0,0,0,0,0,0,0,0,0,0,0,0,0,0,0,0,0,0,0,0,0,0,0,0,0,0,0,2,1,0,0,0,0,0,0,0,0,0,0,1,0,0,0,0,0,0,0,7,0,0,0,0,0,9.1,0,0,27.3,63.6,0,0,0,0,63.6,4.27
"152","PLHA NAC 6/12/2023  ",158,"PLHA NAC",2023,1,"0-50m",2,"MA","Plum Island","No Action",NA,-70.808297,42.761219,1,"6/12/2023",6,12,"JLG","High/Falling","9:11",65,2,1,1,5,1.49,8,1,0,0,0,0,0,0,0,0,0,0,0,0,0,0,0,0,0,3,0,0,0,0,0,0,0,0,0,1,0,0,0,1,0,0,0,0,0,0,0,0,0,0,0,0,0,0,0,0,0,0,0,0,0,0,0,0,0,0,0,0,0,0,0,0,0,0,0,0,0,0,0,0,0,0,0,0,2,1,0,0,0,0,0,0,0,0,0,0,0,0,0,0,0,0,0,0,0,0,0,0,0,0,0,0,0,75,0,12.5,0,12.5,0,12.5,2.38
"153","PLHA NAC 6/28/2022  ",157,"PLHA NAC",2022,2,"0-50m",2,"MA","Plum Island","No Action",NA,-70.808297,42.761219,2,"6/28/2022",6,28,"JLG","Low/Rising","8:55",63,0,2,1,3,0.98,13,0,0,0,0,0,0,0,0,0,0,0,0,0,0,0,0,0,0,2,0,0,0,0,0,0,0,0,0,0,0,0,0,0,0,0,0,0,0,0,0,0,0,0,0,0,0,0,0,0,0,0,0,0,0,0,0,0,0,0,0,0,0,0,0,0,0,0,0,0,0,0,0,0,0,0,0,0,7,0,0,0,0,0,0,0,0,0,0,0,0,0,0,0,0,0,0,0,4,0,0,0,0,0,0,0,0,69.2,30.8,0,0,0,0,30.8,3.31
"154","PLHA NAC 7/21/2023  ",159,"PLHA NAC",2023,2,"0-50m",2,"MA","Plum Island","No Action",NA,-70.808297,42.761219,2,"7/21/2023",7,21,"JLG","Low","834",72,1,1,1,5,1.33,20,0,0,0,0,0,0,0,0,0,0,0,0,0,0,0,0,0,0,0,0,0,0,0,0,0,0,0,0,0,0,0,0,0,0,0,0,0,0,0,0,0,0,0,0,1,0,4,0,0,0,0,0,0,0,0,0,0,0,0,0,0,0,0,0,0,0,0,0,0,0,0,0,0,0,0,0,0,0,0,0,0,0,0,3,0,0,0,0,0,10,0,0,0,0,0,0,0,2,0,0,0,0,0,50,0,0,0,45,0,0,0,5,50,3
"155","PLHA REF North 6/1/2022  ",160,"PLHA REF North",2022,1,"0-50m",2,"MA","Plum Island","Reference",NA,-70.808555,42.766757,1,"6/1/2022",6,1,"JLG","Low","9:06",57,2,2,2,4,1.15,9,2,0,0,0,0,0,0,0,0,0,0,0,0,0,0,0,0,0,1,0,0,0,0,0,0,0,0,0,0,0,0,0,0,0,0,0,0,0,0,0,0,0,0,0,0,0,0,0,0,0,0,0,0,0,0,0,0,0,0,0,0,0,0,0,0,0,0,0,0,0,0,0,0,0,0,0,0,1,2,0,0,0,0,0,0,0,0,0,0,0,0,0,0,0,0,0,0,5,0,0,0,0,0,0,0,0,44.4,55.6,0,0,0,0,55.6,4.33
"156","PLHA REF North 6/12/2023  ",162,"PLHA REF North",2023,1,"0-50m",2,"MA","Plum Island","Reference",NA,-70.808555,42.766757,1,"6/12/2023",6,12,"JLG","High/Falling","9:47",67,2,1,1,4,1.33,13,5,0,0,0,0,0,0,0,0,0,0,0,0,0,0,0,0,0,0,0,0,0,0,0,0,0,0,0,0,0,0,0,0,0,0,0,0,0,0,0,0,0,0,0,0,0,0,0,0,0,0,0,0,0,0,0,0,0,0,0,0,0,0,0,0,0,0,0,0,0,0,0,0,0,0,0,0,3,5,0,0,0,0,0,0,0,0,0,0,0,0,0,3,0,0,0,0,2,0,0,0,0,0,0,0,0,84.6,15.4,0,0,0,0,15.4,3.62
"157","PLHA REF North 6/28/2022  ",161,"PLHA REF North",2022,2,"0-50m",2,"MA","Plum Island","Reference",NA,-70.808555,42.766757,2,"6/28/2022",6,28,"JLG","Low","7:55",62,0,2,1,6,1.63,14,2,0,0,0,0,0,0,0,0,0,0,0,0,0,0,0,0,0,5,0,0,0,0,0,0,0,0,0,0,2,0,0,0,0,1,0,0,0,0,0,0,0,0,0,0,0,0,0,0,0,0,0,0,0,0,0,0,0,0,0,0,0,0,0,0,0,0,0,0,0,0,0,0,0,0,0,0,3,2,0,0,0,0,0,0,0,0,0,0,0,0,0,0,0,0,0,0,1,0,0,0,0,0,7.1,0,0,71.4,7.1,14.3,0,0,0,21.4,2.79
"158","PLHA REF North 7/21/2023  ",163,"PLHA REF North",2023,2,"0-50m",2,"MA","Plum Island","Reference",NA,-70.808555,42.766757,2,"7/21/2023",7,21,"JLG","Low","810",72,1,1,1,5,1.39,14,5,0,0,0,0,0,0,0,0,0,0,0,0,0,0,0,0,0,1,0,0,0,0,0,0,0,0,0,0,0,0,0,0,0,0,0,0,0,0,0,0,0,0,0,0,0,1,0,0,0,0,0,0,0,0,0,0,0,0,0,0,0,0,0,0,0,0,0,0,0,0,0,0,0,0,0,0,2,5,0,0,0,0,0,0,0,0,0,0,5,0,0,0,0,0,0,0,0,0,0,0,0,0,35.7,0,0,57.1,7.1,0,0,0,0,7.1,3
"159","PLHA REF South 6/1/2022  ",164,"PLHA REF South",2022,1,"0-50m",2,"MA","Plum Island","Reference",NA,-70.806616,42.758355,1,"6/1/2022",6,1,"JLG","Low/Rising","9:54",58,2,3,2,2,0.56,4,3,0,0,0,0,0,0,0,0,0,0,0,0,0,0,0,0,0,0,0,0,0,0,0,0,0,0,0,0,0,0,0,0,0,0,0,0,0,0,0,0,0,0,0,0,0,0,0,0,0,0,0,0,0,0,0,0,0,0,0,0,0,0,0,0,0,0,0,0,0,0,0,0,0,0,0,0,0,3,0,0,0,0,0,0,0,0,0,0,0,0,0,0,0,0,0,0,1,0,0,0,0,0,0,0,0,75,25,0,0,0,0,25,5
"160","PLHA REF South 6/12/2023  ",166,"PLHA REF South",2023,1,"0-50m",2,"MA","Plum Island","Reference",NA,-70.806616,42.758355,1,"6/12/2023",6,12,"JLG","High/Falling","8:45",62,2,1,1,5,1.3,9,1,0,0,0,0,0,0,0,0,0,0,0,0,0,0,0,0,0,0,0,0,0,0,0,0,0,0,0,0,1,0,0,0,0,0,0,0,0,0,0,0,0,0,0,0,0,0,0,0,1,0,0,0,0,0,0,0,0,0,0,0,0,0,0,0,0,0,0,0,0,0,0,0,0,0,0,0,0,1,0,0,0,0,0,0,0,0,0,0,0,0,0,1,0,0,0,0,5,0,0,0,0,0,0,0,0,22.2,55.6,11.1,11.1,0,0,66.7,4.56
"161","PLHA REF South 6/28/2022  ",165,"PLHA REF South",2022,2,"0-50m",2,"MA","Plum Island","Reference",NA,-70.806616,42.758355,2,"6/28/2022",6,28,"JLG","Low/Rising","10:04",70,0,1,2,4,1.22,10,2,0,0,0,0,0,0,0,0,0,0,0,0,0,0,0,0,0,1,0,0,0,0,0,0,0,0,0,0,0,0,0,0,0,0,0,0,0,0,0,0,0,0,0,0,0,0,0,0,0,0,0,0,0,0,0,0,0,0,0,0,0,0,0,0,0,0,0,0,0,0,0,0,0,0,0,0,2,2,0,0,0,0,0,0,0,0,0,0,0,0,0,0,0,0,0,0,5,0,0,0,0,0,0,0,0,50,50,0,0,0,0,50,4.2
"162","PLHA REF South 7/21/2023  ",167,"PLHA REF South",2023,2,"0-50m",2,"MA","Plum Island","Reference",NA,-70.806616,42.758355,2,"7/21/2023",7,21,"JLG","Low","903",73,2,1,1,6,1.61,13,0,0,0,0,0,0,0,0,0,4,0,0,0,0,0,0,0,0,0,0,0,0,0,0,0,0,0,0,0,0,0,0,0,0,0,0,0,0,0,0,4,0,0,0,0,0,0,0,0,0,0,0,0,0,0,0,0,0,0,0,0,0,0,0,0,0,0,0,0,0,0,0,0,0,0,0,0,1,0,0,0,0,0,1,0,0,0,0,0,2,0,0,0,0,0,0,0,1,0,0,0,0,0,46.2,0,0,7.7,15.4,0,0,0,30.8,46.2,3
"163","PLHA RUN North 6/1/2022  ",168,"PLHA RUN North",2022,1,"0-50m",2,"MA","Plum Island","Runnel",3,-70.806447,42.764928,1,"6/1/2022",6,1,"JLG","Low","8:47",57,2,2,2,5,1.56,13,2,0,0,0,0,0,0,0,0,0,0,0,0,0,0,0,0,0,0,0,0,0,0,0,0,0,0,0,0,0,0,0,0,0,0,0,0,0,0,0,0,0,0,0,0,0,0,0,0,0,0,0,0,0,0,0,0,0,0,0,0,0,0,0,0,0,0,0,0,0,0,0,0,0,0,0,0,2,2,0,0,0,0,0,2,0,0,0,0,0,0,0,3,0,0,0,0,4,0,0,0,0,0,0,0,0,69.2,30.8,0,0,0,0,30.8,3.77
"164","PLHA RUN North 6/12/2023  ",170,"PLHA RUN North",2023,1,"0-50m",2,"MA","Plum Island","Runnel",4,-70.806447,42.764928,1,"6/12/2023",6,12,"JLG","High/Falling","9:30",67,2,1,1,6,1.26,22,1,0,1,0,0,0,0,0,0,0,0,0,0,0,0,0,0,0,0,0,0,0,0,0,0,0,0,0,0,0,0,0,0,0,2,0,0,0,0,0,0,0,0,0,0,0,0,0,0,0,0,0,0,0,0,0,0,0,0,0,0,0,0,0,0,0,0,0,0,0,0,0,0,0,0,0,0,13,1,0,0,0,0,0,0,0,0,0,0,0,0,0,1,0,0,0,0,4,0,0,0,0,0,13.6,0,0,68.2,18.2,0,0,0,0,18.2,3.09
"165","PLHA RUN North 6/28/2022  ",169,"PLHA RUN North",2022,2,"0-50m",2,"MA","Plum Island","Runnel",3,-70.806447,42.764928,2,"6/28/2022",6,28,"JLG","Low","7:31",61,0,2,2,7,1.87,14,2,0,0,0,2,0,0,0,0,0,0,0,0,0,0,0,0,0,2,0,0,0,0,0,0,0,0,0,1,0,0,0,0,0,0,0,0,0,0,0,0,0,0,0,0,0,0,0,0,0,0,0,0,0,0,0,0,0,0,0,0,0,0,0,0,0,0,0,0,0,0,0,0,0,0,0,0,1,2,0,0,0,0,0,0,0,0,0,0,3,0,0,0,0,0,0,0,3,0,0,0,0,0,21.4,0,14.3,35.7,21.4,0,0,7.1,0,35.7,3.07
"166","PLHA RUN North 7/21/2023  ",171,"PLHA RUN North",2023,2,"0-50m",2,"MA","Plum Island","Runnel",4,-70.806447,42.764928,2,"7/21/2023",7,21,"JLG","Low/Falling","752",72,1,1,1,4,1.27,13,0,0,0,0,0,0,0,0,0,0,0,0,0,0,0,0,0,0,0,0,0,0,0,0,0,0,0,0,0,3,0,0,0,0,0,0,0,0,0,0,0,0,0,0,0,0,0,0,0,0,0,0,0,0,0,0,0,0,0,0,0,0,0,0,0,0,0,0,0,0,0,0,0,0,0,0,0,2,0,0,0,0,0,6,0,0,0,0,0,2,0,0,0,0,0,0,0,0,0,0,0,0,0,15.4,0,0,15.4,46.2,23.1,0,0,0,69.2,4.08
"167","PLHA RUN South 6/1/2022  ",172,"PLHA RUN South",2022,1,"0-50m",2,"MA","Plum Island","Runnel",0,-70.805311,42.757836,1,"6/1/2022",6,1,"JLG","Low","9:39",58,2,2,2,5,1.53,17,2,0,0,0,0,0,0,0,0,0,0,0,0,0,0,0,0,0,0,0,0,0,0,0,0,0,0,0,0,0,0,0,0,0,3,2,0,0,0,0,0,0,0,0,0,0,0,0,0,0,0,0,0,0,5,0,0,0,0,0,0,0,0,0,0,0,0,0,0,0,0,0,0,0,0,0,0,5,2,0,0,0,0,0,0,0,0,0,0,0,0,0,0,0,0,0,0,0,0,0,0,0,0,29.4,0,0,41.2,29.4,0,0,0,0,29.4,2.94
"168","PLHA RUN South 6/12/2023  ",174,"PLHA RUN South",2023,1,"0-50m",2,"MA","Plum Island","Runnel",4,-70.805311,42.757836,1,"6/12/2023",6,12,"JLG","High/Falling","8:31",61,2,1,1,5,1.56,8,2,0,0,0,0,0,0,0,0,0,0,0,0,0,0,0,0,0,0,0,0,0,0,0,0,0,0,0,0,0,0,0,0,0,0,0,0,0,0,0,0,0,0,0,0,0,0,0,0,0,0,0,0,0,0,0,0,0,0,0,0,0,0,0,0,0,0,0,0,0,0,0,0,0,0,0,0,1,2,0,0,0,0,0,0,0,0,0,0,2,0,0,1,0,0,0,0,2,0,0,0,0,0,25,0,0,50,25,0,0,0,0,25,3.25
"169","PLHA RUN South 6/28/2022  ",173,"PLHA RUN South",2022,2,"0-50m",2,"MA","Plum Island","Runnel",3,-70.805311,42.757836,2,"6/28/2022",6,28,"JLG","Low/Rising","9:43",70,0,2,2,6,1.72,11,2,0,0,0,0,0,0,0,0,0,0,0,0,0,0,0,0,0,0,0,0,0,0,0,0,0,0,0,0,1,0,0,0,0,0,0,0,0,0,0,0,0,0,0,1,0,2,0,0,0,0,0,0,0,0,0,0,0,0,0,0,0,0,0,0,0,0,0,0,0,0,0,0,0,0,0,0,3,2,0,0,0,0,0,0,0,0,0,0,0,0,0,0,0,0,0,0,2,0,0,0,0,0,0,0,0,45.5,36.4,9.1,0,0,9.1,54.5,4.45
"170","PLHA RUN South 7/21/2023  ",175,"PLHA RUN South",2023,2,"0-50m",2,"MA","Plum Island","Runnel",4,-70.805311,42.757836,2,"7/21/2023",7,21,"JLG","Low","916",73,2,1,2,6,1.57,20,1,0,0,0,0,0,0,0,0,7,0,0,0,0,0,0,0,0,5,0,0,0,0,0,0,0,0,0,0,0,0,0,0,0,0,0,0,0,0,0,0,0,0,0,0,0,0,0,0,0,0,0,0,0,0,0,0,0,0,0,0,0,0,0,0,0,0,0,0,0,0,0,0,0,0,0,0,4,1,0,0,0,0,0,0,0,0,0,0,2,0,0,0,0,0,0,0,1,0,0,0,0,0,45,0,0,50,5,0,0,0,0,5,1.8
"171","PP NAC 5/13/2021  ",176,"PP NAC",2021,1,"0-50m",3,"RI","Potter's Pond","No Action",NA,-71.523686,41.381596,1,"5/13/2021",5,13,"ADF","High/Rising","8:40",55,0,1,1,4,1.33,6,0,0,0,0,0,0,0,0,0,0,0,0,0,0,0,0,0,0,0,0,0,0,0,0,0,0,0,0,0,0,0,0,0,0,0,0,0,0,0,0,0,0,0,0,0,1,0,0,0,0,0,0,0,0,0,0,0,1,0,0,0,0,0,0,0,0,0,0,0,0,0,0,0,0,0,0,0,2,0,0,0,0,0,0,0,0,0,0,0,0,0,0,0,0,0,0,0,0,0,0,0,0,2,0,0,0,33.3,0,16.7,0,33.3,16.7,33.3,3
"172","PP NAC 5/21/2023  ",178,"PP NAC",2023,1,"0-50m",3,"RI","Potter's Pond","No Action",NA,-71.523686,41.381596,1,"5/21/2023",5,21,"JH","High/Falling","857",58,2,3,1,4,1.33,6,0,0,0,0,0,0,0,0,0,0,0,0,0,0,0,0,0,0,0,0,0,0,0,0,0,0,0,0,2,0,0,0,0,0,0,0,0,0,0,0,0,0,0,0,0,0,0,0,0,0,0,0,0,0,0,0,2,0,0,0,0,0,0,0,0,0,0,1,0,0,0,0,0,0,0,0,0,0,0,0,1,0,0,0,0,0,0,0,0,0,0,0,0,0,0,0,0,0,0,0,0,0,0,16.7,0,0,0,50,0,0,33.3,0,50,3
"173","PP NAC 6/19/2023  ",179,"PP NAC",2023,2,"0-50m",3,"RI","Potter's Pond","No Action",NA,-71.523686,41.381596,2,"6/19/2023",6,19,"JH","Low/Rising","705",60,1,1,1,4,1.33,5,1,0,0,0,0,0,0,0,0,0,0,1,0,0,0,0,0,0,0,0,0,0,0,0,0,0,1,0,0,0,0,0,0,0,0,0,0,0,0,0,0,0,0,0,0,0,0,0,0,0,0,0,0,0,0,0,0,0,0,0,0,0,0,0,0,0,0,0,0,0,0,0,0,0,0,0,0,0,1,0,0,0,0,0,0,2,0,0,0,0,0,0,0,0,0,0,0,0,0,0,0,0,0,20,0,0,40,0,0,0,0,40,40,4
"174","PP NAC 6/23/2021  ",177,"PP NAC",2021,2,"0-50m",3,"RI","Potter's Pond","No Action",NA,-71.523686,41.381596,2,"6/23/2021",6,23,"JAH","Low/Falling","10:32",68,0,3,1,5,1.61,5,1,0,0,0,0,0,0,0,0,0,0,0,0,0,0,0,0,0,0,0,0,0,0,0,0,0,0,0,1,0,0,0,0,0,0,0,0,0,0,0,0,0,0,0,1,0,0,0,0,1,0,0,0,0,0,0,0,0,0,0,0,0,0,0,0,0,0,0,0,0,0,0,0,0,0,0,0,0,1,0,0,0,0,0,0,1,0,0,0,0,0,0,0,0,0,0,0,0,0,0,0,0,0,0,0,0,20,0,0,20,20,40,40,4
"175","PP REF 5/12/2021  ",180,"PP REF",2021,1,"0-50m",3,"RI","Potter's Pond","Reference",NA,-71.53134,41.378349,1,"5/12/2021",5,12,"ADF","High/Rising","6:30",50,0,1,1,3,0.95,5,0,0,0,0,0,0,0,0,0,0,0,0,0,0,0,0,0,0,0,0,0,0,0,0,0,0,0,0,0,0,1,0,0,0,0,0,0,0,0,0,0,0,0,0,0,0,0,0,0,0,0,0,0,0,0,0,0,0,0,0,0,0,0,0,0,0,0,0,0,0,0,0,0,0,0,0,0,3,0,0,0,0,0,0,0,0,0,0,0,0,0,0,0,0,0,0,0,0,0,0,0,0,1,0,0,0,60,0,0,0,40,0,0,2.6
"176","PP REF 5/21/2023  ",182,"PP REF",2023,1,"0-50m",3,"RI","Potter's Pond","Reference",NA,-71.53134,41.378349,1,"5/21/2023",5,21,"JH","High/Falling","810",57,2,2,1,4,1.21,9,3,0,0,0,0,0,0,0,0,0,0,0,0,0,0,0,0,0,0,0,0,0,0,0,0,0,1,0,0,0,0,0,0,0,0,0,0,0,0,0,0,0,0,0,0,0,0,0,0,0,0,0,0,0,0,0,0,0,0,0,0,0,0,0,0,0,0,0,0,0,0,0,0,0,0,0,0,4,3,0,0,0,0,0,0,1,0,0,0,0,0,0,0,0,0,0,0,0,0,0,0,0,0,0,0,0,88.9,0,0,0,0,11.1,11.1,4.11
"177","PP REF 6/15/2021  ",181,"PP REF",2021,2,"0-50m",3,"RI","Potter's Pond","Reference",NA,-71.53134,41.378349,2,"6/15/2021",6,15,"JAH","Low/Rising","9:43",70,2,0,1,6,1.57,14,2,0,0,0,0,0,0,0,0,0,0,0,0,0,0,0,0,0,0,0,0,0,0,0,0,0,2,0,0,0,0,0,0,0,0,0,0,0,0,0,0,0,0,0,0,0,0,0,0,0,0,0,0,0,0,0,0,0,0,0,0,0,0,0,0,0,0,0,0,0,0,0,0,0,0,0,0,6,2,0,0,0,0,0,0,0,1,0,0,1,0,0,0,0,0,0,0,2,0,0,0,0,0,7.1,0,0,78.6,14.3,0,0,0,0,14.3,3.57
"178","PP REF 6/19/2023  ",183,"PP REF",2023,2,"0-50m",3,"RI","Potter's Pond","Reference",NA,-71.53134,41.378349,2,"6/19/2023",6,19,"JH","High/Rising","818",65,1,2,1,3,0.98,14,3,0,0,0,0,0,0,0,0,0,0,0,0,0,0,0,0,0,0,0,0,0,0,0,0,0,0,0,0,0,0,0,0,0,0,0,0,0,0,0,0,0,0,0,0,0,0,0,0,0,0,0,0,0,0,0,0,0,0,0,0,0,0,0,0,0,0,0,0,0,0,0,0,0,0,0,0,8,3,0,0,0,0,0,0,0,0,0,0,0,0,0,0,0,0,0,0,3,0,0,0,0,0,0,0,0,78.6,21.4,0,0,0,0,21.4,3.86
"179","PP RUN 5/13/2021  ",184,"PP RUN",2021,1,"0-50m",3,"RI","Potter's Pond","Runnel",3,-71.527601,41.37927,1,"5/13/2021",5,13,"ADF","High/Rising","6:55",50,0,1,1,5,1.43,18,2,0,0,0,0,0,0,0,0,0,0,0,0,0,0,0,0,0,0,0,0,0,0,0,0,0,0,0,0,0,2,0,0,0,0,0,0,0,0,0,0,0,0,2,0,0,0,0,0,0,0,0,0,0,0,0,0,0,0,0,0,0,0,0,0,0,0,0,0,0,0,0,0,0,0,0,0,8,2,0,0,0,0,0,0,0,0,0,0,0,0,0,0,0,0,0,0,0,0,0,0,0,4,0,0,0,55.6,0,0,0,44.4,0,0,2.56
"180","PP RUN 5/21/2023  ",186,"PP RUN",2023,1,"0-50m",3,"RI","Potter's Pond","Runnel",5,-71.527601,41.37927,1,"5/21/2023",5,21,"JH","High/Falling","743",57,2,3,1,6,1.57,20,7,0,0,0,0,0,0,0,0,0,0,0,0,0,0,0,0,0,0,0,0,0,0,0,0,0,2,0,0,0,0,0,0,2,0,0,0,0,0,0,0,0,0,0,0,1,0,0,0,0,0,0,0,0,0,0,0,0,0,0,0,0,0,0,0,0,0,0,0,0,0,0,0,0,0,0,0,2,7,0,0,0,0,0,0,0,0,0,0,0,0,0,0,0,0,0,0,6,0,0,0,0,0,0,0,0,55,40,0,0,0,5,45,4.8
"181","PP RUN 6/15/2021  ",185,"PP RUN",2021,2,"0-50m",3,"RI","Potter's Pond","Runnel",3,-71.527601,41.37927,2,"6/15/2021",6,15,"JAH","Low/Rising","9:16",68,2,2,1,4,1.1,14,6,0,0,0,0,0,0,0,0,0,0,0,0,0,0,0,0,0,0,0,0,0,0,0,0,0,0,0,0,0,0,0,0,0,0,0,0,0,0,0,0,0,0,0,0,0,0,0,0,0,0,0,0,0,0,0,0,0,0,0,0,0,0,0,0,0,0,0,0,0,0,0,0,0,0,0,0,0,6,0,0,0,0,0,0,1,0,0,0,1,0,0,0,0,0,0,0,6,0,0,0,0,0,7.1,0,0,42.9,42.9,0,0,0,7.1,50,4.71
"182","PP RUN 6/19/2023  ",187,"PP RUN",2023,2,"0-50m",3,"RI","Potter's Pond","Runnel",5,-71.527601,41.37927,2,"6/19/2023",6,19,"JH","High/Rising","738",63,1,2,1,7,1.58,24,8,0,0,0,0,0,0,0,0,0,0,1,0,0,0,0,0,0,0,0,0,0,0,0,0,0,0,0,0,0,0,0,0,0,0,0,0,0,0,0,0,0,0,0,0,0,0,0,0,0,0,0,0,0,0,0,0,0,0,0,0,0,0,0,0,0,0,0,0,0,0,0,0,0,0,0,0,5,8,0,0,0,0,0,0,1,0,0,0,1,0,0,0,0,0,0,0,7,0,0,0,0,1,8.3,0,0,54.2,29.2,0,0,4.2,4.2,33.3,4.04
"183","RM NAC 5/31/2023  ",188,"RM NAC",2023,1,"0-50m",3,"RI","Round Marsh","No Action",NA,-71.3709,41.5085,1,"5/31/2023",5,31,"JH","High/Falling","602",52,2,1,1,3,1,7,0,0,0,0,0,0,0,0,0,0,0,3,0,0,0,0,0,0,0,0,0,0,0,0,0,0,0,0,0,0,0,0,0,0,0,0,0,0,0,0,0,0,0,0,0,0,0,0,0,0,0,0,0,0,0,0,0,0,0,0,0,0,0,0,0,0,0,0,0,0,0,0,0,0,0,0,0,0,0,0,0,0,0,0,0,0,0,0,0,1,0,0,0,0,0,0,0,3,0,0,0,0,0,57.1,0,0,0,42.9,0,0,0,0,42.9,2.29
"184","RM NAC 6/26/2023  ",189,"RM NAC",2023,2,"0-50m",3,"RI","Round Marsh","No Action",NA,-71.3709,41.5085,3,"6/26/2023",6,26,"JH","Low/Falling","638",68,4,1,1,2,0.64,6,4,0,0,0,0,0,0,0,0,0,0,0,0,0,0,0,0,0,0,0,0,0,0,0,0,0,0,0,0,0,0,0,0,0,0,0,0,0,0,0,0,0,0,0,0,0,0,0,0,0,0,0,0,0,0,0,0,0,0,0,0,0,0,0,0,0,0,0,0,0,0,0,0,0,0,0,0,0,4,0,0,0,0,0,0,0,0,0,0,0,0,0,0,0,0,0,0,2,0,0,0,0,0,0,0,0,66.7,33.3,0,0,0,0,33.3,5
"185","RM REF 5/19/2021  ",190,"RM REF",2021,1,"0-50m",3,"RI","Round Marsh","Reference",NA,-71.372664,41.509994,1,"5/19/2021",5,19,"ADF","High/Rising","10:00",60,0,1,1,2,0.69,2,0,0,0,0,0,0,0,0,0,0,0,0,0,0,0,0,0,0,0,0,0,0,0,0,0,0,0,0,0,0,0,0,0,0,0,0,0,0,0,0,0,0,0,0,0,0,0,0,0,0,0,0,0,0,0,0,0,0,0,0,0,0,0,0,0,0,0,0,0,0,0,0,0,0,0,0,0,0,0,0,0,0,0,0,0,0,1,0,0,0,0,0,0,0,0,0,0,0,0,0,0,0,1,0,0,0,50,0,0,0,50,0,0,1
"186","RM REF 5/31/2023  ",192,"RM REF",2023,1,"0-50m",3,"RI","Round Marsh","Reference",NA,-71.372664,41.509994,1,"5/31/2023",5,31,"JH","High/Falling","637",52,1,0,2,6,1.56,23,9,0,0,0,0,0,0,0,0,0,0,4,0,0,0,0,0,0,0,0,0,0,0,0,0,0,0,0,0,0,0,0,0,0,0,0,0,0,0,0,0,0,5,0,1,0,0,0,0,0,0,0,0,0,0,0,2,0,0,0,0,0,0,0,0,0,0,0,0,0,0,0,0,0,0,0,0,0,9,0,0,0,0,0,0,0,0,0,0,0,0,0,0,0,0,0,0,2,0,0,0,0,0,17.4,0,0,39.1,39.1,0,0,0,4.3,43.5,4.13
"187","RM REF 6/26/2023  ",193,"RM REF",2023,2,"0-50m",3,"RI","Round Marsh","Reference",NA,-71.372664,41.509994,3,"6/26/2023",6,26,"JH","Low","716",68,2,2,2,3,0.9,8,5,0,0,0,0,0,0,0,0,0,0,0,0,0,0,0,0,0,0,0,0,0,0,0,0,0,0,0,0,0,0,0,0,0,0,0,0,0,0,0,0,0,0,0,0,0,0,0,0,0,0,0,0,0,0,0,0,0,0,0,0,0,0,0,0,0,0,0,0,0,0,0,0,0,0,0,0,0,5,0,0,0,0,0,0,1,0,0,0,0,0,0,0,0,0,0,0,2,0,0,0,0,0,0,0,0,62.5,25,0,0,0,12.5,37.5,5
"188","RM RUN 5/19/2021  ",194,"RM RUN",2021,1,"0-50m",3,"RI","Round Marsh","Runnel",7,-71.3694,41.5107,1,"5/19/2021",5,19,"ADF","Low/Rising","10:30",60,1,1,1,6,1.68,9,0,0,0,0,0,0,0,0,0,0,0,0,0,0,0,0,0,0,0,0,0,0,0,0,0,0,0,0,0,0,1,0,0,0,0,1,0,0,0,0,0,0,0,0,1,0,0,0,0,0,0,0,0,0,0,0,0,0,0,0,0,0,0,0,0,0,0,0,0,0,0,0,0,0,0,0,0,3,0,0,0,0,0,0,0,0,2,0,0,0,0,0,0,0,0,0,0,0,0,0,0,0,1,11.1,0,0,55.6,0,0,0,22.2,11.1,11.1,2.22
"189","RM RUN 5/31/2023  ",196,"RM RUN",2023,1,"0-50m",3,"RI","Round Marsh","Runnel",9,-71.3694,41.5107,1,"5/31/2023",5,31,"JH","High/Falling","621",53,2,1,2,4,1.21,9,4,0,0,0,0,0,0,0,3,0,0,0,0,0,0,0,0,0,0,0,0,0,0,0,0,0,0,0,0,0,0,0,0,0,0,0,0,0,0,0,0,0,0,0,0,0,0,0,0,0,0,0,0,0,0,0,0,0,0,0,0,0,0,0,0,0,0,0,0,1,0,0,0,0,0,0,0,0,4,0,0,0,0,0,0,0,0,0,0,0,0,0,0,0,0,0,0,1,0,0,0,0,0,0,0,0,44.4,11.1,11.1,0,33.3,0,22.2,3.33
"190","RM RUN 6/26/2023  ",197,"RM RUN",2023,2,"0-50m",3,"RI","Round Marsh","Runnel",9,-71.3694,41.5107,3,"6/26/2023",6,26,"JH","Low/Falling","658",68,2,1,2,5,1.2,22,13,0,0,0,0,0,0,0,0,0,0,2,0,0,0,0,0,0,0,0,0,0,0,0,0,0,0,0,0,0,0,0,0,0,0,0,0,0,0,0,0,0,0,0,0,0,0,0,0,0,0,0,0,0,0,0,0,0,0,0,0,0,0,0,0,0,0,0,0,1,0,0,0,0,0,0,0,4,13,0,0,0,0,0,0,0,0,0,0,0,0,0,0,0,0,0,0,2,0,0,0,0,0,9.1,0,0,77.3,9.1,4.5,0,0,0,13.6,4.18
"191","RM RUN 6/7/2021  ",195,"RM RUN",2021,2,"0-50m",3,"RI","Round Marsh","Runnel",7,-71.3694,41.5107,2,"6/7/2021",6,7,"ADF","Low/Falling","9:45",60,0,1,1,4,1.24,6,0,0,0,0,0,0,0,0,0,0,0,0,0,0,0,0,0,0,0,0,0,0,0,0,0,0,0,0,0,0,1,0,0,0,0,1,0,0,0,0,0,0,0,0,0,0,0,0,0,0,0,0,0,0,0,0,0,0,0,0,0,0,0,0,0,0,0,0,0,0,0,0,0,0,0,0,0,3,0,0,0,0,0,0,0,0,0,0,0,0,0,0,0,0,0,0,0,0,0,0,0,0,1,16.7,0,0,50,0,0,0,33.3,0,0,2.17
"192","SP NAC 5/13/2022  ",198,"SP NAC",2022,1,"0-50m",3,"RI","Sapowet","No Action",NA,41.576394,-71.201106,1,"5/13/2022",5,13,"JH","Low/Falling","849",60,2,0,1,1,0,2,0,0,0,0,0,0,0,0,0,0,0,0,0,0,0,0,0,0,0,0,0,0,0,0,0,0,0,0,0,0,0,0,0,0,0,0,0,0,0,0,0,0,0,0,0,0,0,0,0,0,0,0,0,0,0,0,2,0,0,0,0,0,0,0,0,0,0,0,0,0,0,0,0,0,0,0,0,0,0,0,0,0,0,0,0,0,0,0,0,0,0,0,0,0,0,0,0,0,0,0,0,0,0,0,0,0,0,100,0,0,0,0,100,5
"193","SP NAC 6/4/2023  ",200,"SP NAC",2023,1,"0-50m",3,"RI","Sapowet","No Action",NA,-71.201106,41.576394,2,"6/4/2023",6,4,"JH","High/Rising","819",53,1,3,0,3,1.04,4,0,0,0,0,0,0,0,0,0,0,0,0,0,0,0,0,0,0,0,0,0,0,0,0,0,0,0,0,0,0,0,0,0,0,0,0,0,0,0,0,0,0,0,0,0,0,0,0,0,0,0,0,0,0,0,0,0,0,0,0,0,0,0,0,0,0,0,0,0,0,0,0,0,0,0,0,0,0,0,0,2,0,0,0,0,1,0,0,0,0,0,0,0,0,0,0,0,1,0,0,0,0,0,0,0,0,0,75,0,0,0,25,100,5
"194","SP NAC 7/11/2022  ",199,"SP NAC",2022,2,"0-50m",3,"RI","Sapowet","No Action",NA,41.576394,-71.201106,3,"7/11/2022",7,11,"JH","Low/Falling","940",72,0,2,1,3,1.04,8,4,0,0,0,0,0,0,0,0,0,0,0,0,0,0,0,0,0,0,0,0,0,0,0,0,0,0,0,0,0,0,0,0,0,0,0,0,0,0,0,0,0,0,0,0,0,0,0,0,0,0,0,0,0,0,0,2,0,0,0,0,0,0,0,0,0,0,0,0,0,0,0,0,0,0,0,0,0,4,0,0,0,0,0,0,0,0,0,0,0,0,0,0,0,0,0,0,2,0,0,0,0,0,0,0,0,50,50,0,0,0,0,50,5
"195","SP NAC 7/9/2023  ",201,"SP NAC",2023,2,"0-50m",3,"RI","Sapowet","No Action",NA,-71.201106,41.576394,3,"7/9/2023",7,9,"JH","Low/Rising","821",77,2,0,1,3,1.04,4,0,0,0,0,0,0,0,0,0,0,0,1,0,0,0,0,0,0,0,0,0,0,0,0,0,0,0,0,0,0,0,0,0,0,0,0,0,0,0,0,0,0,0,0,0,0,0,0,0,0,0,0,0,0,0,0,1,0,0,0,0,0,0,0,0,0,0,0,0,0,0,0,0,0,0,0,0,0,0,0,0,0,0,0,0,0,0,0,0,0,0,0,0,0,0,0,0,2,0,0,0,0,0,25,0,0,0,75,0,0,0,0,75,3.75
"196","SP REF 5/13/2022  ",202,"SP REF",2022,1,"0-50m",3,"RI","Sapowet","Reference",NA,41.582289,-71.207475,1,"5/13/2022",5,13,"JH","High/Falling","650",57,2,0,0,2,0.53,9,0,0,0,0,0,2,0,0,0,0,0,7,0,0,0,0,0,0,0,0,0,0,0,0,0,0,0,0,0,0,0,0,0,0,0,0,0,0,0,0,0,0,0,0,0,0,0,0,0,0,0,0,0,0,0,0,0,0,0,0,0,0,0,0,0,0,0,0,0,0,0,0,0,0,0,0,0,0,0,0,0,0,0,0,0,0,0,0,0,0,0,0,0,0,0,0,0,0,0,0,0,0,0,77.8,0,0,0,0,0,0,22.2,0,0,0
"197","SP REF 6/4/2023  ",204,"SP REF",2023,1,"0-50m",3,"RI","Sapowet","Reference",NA,-71.207475,41.582289,2,"6/4/2023",6,4,"JH","High/Rising","624",50,2,2,0,2,0.53,9,7,0,0,0,0,0,0,0,0,0,0,2,0,0,0,0,0,0,0,0,0,0,0,0,0,0,0,0,0,0,0,0,0,0,0,0,0,0,0,0,0,0,0,0,0,0,0,0,0,0,0,0,0,0,0,0,0,0,0,0,0,0,0,0,0,0,0,0,0,0,0,0,0,0,0,0,0,0,7,0,0,0,0,0,0,0,0,0,0,0,0,0,0,0,0,0,0,0,0,0,0,0,0,22.2,0,0,77.8,0,0,0,0,0,0,3.89
"198","SP REF 7/11/2022  ",203,"SP REF",2022,2,"0-50m",3,"RI","Sapowet","Reference",NA,41.582289,-71.207475,3,"7/11/2022",7,11,"JH","Low/Falling","818",68,0,1,1,7,1.58,19,9,0,0,0,0,0,0,0,0,0,0,1,0,0,0,0,0,0,0,0,0,0,1,0,0,0,0,0,0,0,0,0,0,0,0,0,0,0,0,0,0,0,0,1,0,0,0,0,0,0,0,0,0,0,0,0,0,0,0,0,0,0,0,0,0,0,0,0,0,0,0,0,0,0,0,0,0,0,9,0,0,0,0,0,0,0,2,0,0,3,0,0,0,0,0,0,0,0,0,0,0,0,2,21.1,0,0,57.9,0,0,0,21.1,0,0,2.79
"199","SP REF 7/9/2023  ",205,"SP REF",2023,2,"0-50m",3,"RI","Sapowet","Reference",NA,-71.207475,41.582289,3,"7/9/2023",7,10,"JH","Low/Falling","649",76,1,0,0,3,0.49,15,13,0,0,0,0,0,0,0,0,0,0,1,0,0,0,0,0,0,0,0,0,0,0,0,0,0,0,0,0,0,0,0,0,0,0,0,0,0,0,0,0,0,0,0,0,0,0,0,0,0,0,0,0,0,0,0,0,0,0,0,0,0,0,0,0,0,0,0,0,0,0,0,0,0,0,0,0,0,13,0,0,0,0,0,0,0,0,0,0,0,0,0,0,0,0,0,0,1,0,0,0,0,0,6.7,0,0,86.7,6.7,0,0,0,0,6.7,4.67
"200","SP RUN North 5/13/2022  ",206,"SP RUN North",2022,1,"0-50m",3,"RI","Sapowet","Runnel",4,41.582944,-71.205411,1,"5/13/2022",5,13,"JH","High/Falling","711",57,2,0,0,2,0.64,9,3,0,0,0,0,0,0,0,0,0,0,6,0,0,0,0,0,0,0,0,0,0,0,0,0,0,0,0,0,0,0,0,0,0,0,0,0,0,0,0,0,0,0,0,0,0,0,0,0,0,0,0,0,0,0,0,0,0,0,0,0,0,0,0,0,0,0,0,0,0,0,0,0,0,0,0,0,0,3,0,0,0,0,0,0,0,0,0,0,0,0,0,0,0,0,0,0,0,0,0,0,0,0,66.7,0,0,33.3,0,0,0,0,0,0,1.67
"201","SP RUN North 6/4/2023  ",209,"SP RUN North",2023,1,"0-50m",3,"RI","Sapowet","Runnel",5,-71.205411,41.582944,2,"6/4/2023",6,4,"JH","High/Rising","701",51,1,2,1,3,0.69,13,10,0,0,0,0,0,0,0,0,0,0,2,0,0,0,0,0,0,0,0,0,0,0,0,0,0,0,0,0,0,0,0,0,0,0,0,0,0,0,0,0,0,0,0,0,0,0,0,0,0,0,0,0,0,0,0,0,0,0,0,0,0,0,0,0,0,0,0,0,0,0,0,0,0,0,0,0,0,10,0,0,0,0,0,0,0,0,0,0,0,0,0,0,0,0,0,0,1,0,0,0,0,0,15.4,0,0,76.9,7.7,0,0,0,0,7.7,4.23
"202","SP RUN North 7/11/2022  ",207,"SP RUN North",2022,2,"0-50m",3,"RI","Sapowet","Runnel",4,41.582944,-71.205411,3,"7/11/2022",7,11,"JH","Low/Falling","835",68,0,2,1,8,1.42,32,19,0,0,0,0,0,0,0,0,0,0,3,0,0,0,0,0,0,0,0,0,0,0,0,0,0,0,0,0,0,0,0,0,0,0,1,0,0,0,0,0,0,0,0,0,0,0,0,0,0,0,0,0,0,0,0,2,0,0,0,0,0,0,0,0,0,0,1,0,0,0,0,0,0,0,0,0,0,19,0,0,0,0,0,0,0,1,0,0,2,0,0,0,0,0,0,0,3,0,0,0,0,0,15.2,0,0,43.5,23.9,0,0,0,17.4,41.3,4.26
"203","SP RUN North 7/11/2022  ",208,"SP RUN North",2022,2,"0-50m",3,"RI","Sapowet","Runnel",0,41.578878,-71.205069,3,"7/11/2022",7,11,"JH","Low/Falling","900",68,0,1,1,6,1.48,14,0,0,0,0,0,0,0,0,0,0,0,0,0,0,0,0,0,0,0,0,0,0,0,0,0,0,0,0,0,0,0,0,0,0,0,0,0,0,0,0,1,0,1,0,6,0,4,0,0,0,0,0,0,0,0,0,0,0,0,0,0,0,0,0,0,0,0,0,0,0,0,0,0,0,0,0,0,0,0,0,0,0,0,0,0,1,0,1,0,0,0,0,0,0,0,0,0,0,0,0,0,0,0,15.2,0,0,43.5,23.9,0,0,0,17.4,41.3,4.26
"204","SP RUN North 7/9/2023  ",210,"SP RUN North",2023,2,"0-50m",3,"RI","Sapowet","Runnel",5,-71.205411,41.582944,3,"7/9/2023",7,9,"JH","Low/Falling","707",76,2,1,0,5,1.34,31,8,0,0,0,0,0,0,0,0,0,0,14,0,0,0,0,0,0,0,0,0,0,0,0,0,0,0,0,0,0,0,0,0,0,0,0,0,0,0,0,0,0,0,0,0,0,0,0,0,0,0,0,0,0,0,0,0,0,0,0,0,0,0,0,0,0,0,0,0,0,0,0,0,0,0,0,0,3,8,0,0,0,0,0,0,0,0,0,0,5,0,0,0,0,0,0,0,1,0,0,0,0,0,61.3,0,0,35.5,3.2,0,0,0,0,3.2,1.9
"205","SP RUN South 6/4/2023  ",211,"SP RUN South",2023,1,"0-50m",3,"RI","Sapowet","Runnel",1,-71.205069,41.578878,2,"6/4/2023",6,4,"JH","High/Rising","726",52,1,2,0,3,1.1,6,2,0,0,0,0,0,0,0,0,0,0,0,0,0,0,0,0,0,0,0,0,0,0,0,0,0,0,0,0,0,0,0,0,0,0,0,0,0,0,0,0,0,0,0,0,0,0,0,0,0,0,0,0,0,0,0,0,0,0,0,0,0,0,0,0,0,0,0,0,0,0,0,0,0,0,0,0,2,2,0,0,0,0,0,0,0,0,0,0,0,0,0,0,0,0,0,0,2,0,0,0,0,0,0,0,0,66.7,33.3,0,0,0,0,33.3,4.33
"206","SP RUN South 7/9/2023  ",212,"SP RUN South",2023,2,"0-50m",3,"RI","Sapowet","Runnel",1,-71.205069,41.578878,3,"7/9/2023",7,9,"JH","Low","735",76,2,0,1,2,0.6,7,5,0,0,0,0,0,0,0,0,0,0,0,0,0,0,0,0,0,0,0,0,0,0,0,0,0,0,0,0,0,0,0,0,0,0,0,0,0,0,0,0,0,0,0,0,0,0,0,0,0,0,0,0,0,0,0,0,0,0,0,0,0,0,0,0,0,0,0,0,0,0,0,0,0,0,0,0,0,5,0,0,0,0,0,0,0,0,0,0,0,0,0,0,0,0,0,0,2,0,0,0,0,0,0,0,0,71.4,28.6,0,0,0,0,28.6,5
"207","WPF NAC 5/10/2021  ",213,"WPF NAC",2021,1,"0-50m",3,"RI","Weekapaug Foundation","No Action",NA,-71.773506,41.330241,1,"5/10/2021",5,10,"ADF","High/Rising","7:00",46,2,2,1,3,1,9,0,0,0,0,0,0,0,0,0,0,0,0,0,0,0,0,0,0,0,0,0,0,0,0,0,0,0,0,0,0,0,0,0,0,0,0,0,0,0,0,0,0,0,0,0,0,2,0,0,0,0,0,0,0,0,0,0,0,0,0,0,0,0,0,0,0,0,0,0,0,0,0,0,0,0,0,0,5,0,0,0,0,0,0,0,0,0,0,0,0,0,0,0,0,0,0,0,2,0,0,0,0,0,0,0,0,55.6,44.4,0,0,0,0,44.4,3.89
"208","WPF NAC 5/20/2023  ",214,"WPF NAC",2023,1,"0-50m",3,"RI","Weekapaug Foundation","No Action",NA,-71.773506,41.330241,1,"5/20/2023",5,20,"JH","Low/Rising","727",60,2,1,1,4,1.07,8,0,0,0,0,0,0,0,0,0,0,0,0,0,0,0,0,0,0,0,0,0,0,0,0,0,0,0,0,0,0,0,0,0,0,0,0,0,0,0,0,0,0,0,0,5,0,0,0,0,0,0,0,0,0,0,0,0,0,0,0,0,0,0,0,0,0,0,0,0,0,0,0,0,0,0,0,0,1,0,0,0,0,1,0,0,0,0,0,0,0,0,0,0,0,0,0,0,1,0,0,0,0,0,0,0,0,12.5,25,0,0,0,62.5,87.5,4.75
"209","WPF NAC 6/2/2023  ",215,"WPF NAC",2023,2,"0-50m",3,"RI","Weekapaug Foundation","No Action",NA,-71.773506,41.330241,2,"6/2/2023",6,2,"JH","High/Rising","642",60,0,2,1,4,1.08,15,0,0,0,0,0,0,0,0,0,0,0,0,0,0,0,0,0,0,0,0,0,0,0,0,0,0,0,0,0,0,0,0,0,0,0,0,0,0,0,0,0,0,0,0,9,0,0,0,0,0,0,0,0,0,0,0,0,0,0,0,0,0,0,0,0,0,0,0,0,0,0,0,0,0,0,0,0,1,0,0,0,0,0,0,0,3,0,0,0,0,0,0,0,0,0,0,0,2,0,0,0,0,0,0,0,0,6.7,13.3,0,0,0,80,93.3,4.87
"210","WPF RUN 5/10/2021  ",216,"WPF RUN",2021,1,"0-50m",3,"RI","Weekapaug Foundation","Runnel",4,-71.7759,41.3301,1,"5/10/2021",5,10,"ADF","High/Rising","6:30",46,2,2,1,2,0.67,5,0,0,0,0,0,0,0,0,0,0,0,0,0,0,0,0,0,0,0,0,0,0,0,0,0,0,0,0,0,0,0,0,0,0,0,0,0,0,0,0,0,0,0,0,0,0,0,0,0,0,0,0,0,0,0,0,0,0,0,0,0,0,0,0,0,0,0,0,0,0,0,0,0,0,0,0,0,3,0,0,0,0,0,0,0,0,0,0,0,0,0,0,0,0,0,0,0,0,0,0,0,0,2,0,0,0,60,0,0,0,40,0,0,2.2
"211","WPF RUN 5/20/2023  ",217,"WPF RUN",2023,1,"0-50m",3,"RI","Weekapaug Foundation","Runnel",6,-71.7759,41.3301,1,"5/20/2023",5,20,"JH","Low/Rising","743",60,2,2,1,3,0.95,5,0,0,0,0,0,0,0,0,0,0,0,0,0,0,0,0,0,0,0,0,0,0,0,0,0,0,0,0,0,0,0,0,0,0,0,0,0,0,0,0,0,0,0,0,0,0,0,0,0,0,0,0,0,0,0,0,0,0,0,0,0,0,0,0,0,0,0,0,0,0,0,0,0,0,0,0,0,3,0,0,0,1,0,0,0,0,0,0,0,0,0,0,0,0,0,0,0,1,0,0,0,0,0,0,20,0,60,20,0,0,0,0,20,3
"212","WPF RUN 6/2/2023  ",218,"WPF RUN",2023,2,"0-50m",3,"RI","Weekapaug Foundation","Runnel",6,-71.7759,41.3301,2,"6/2/2023",6,2,"JH","High/Rising","659",60,0,1,1,4,1.21,9,0,0,0,0,0,0,0,0,0,0,0,1,0,0,0,0,0,0,0,0,0,0,0,0,0,0,0,0,0,0,0,0,0,0,0,0,0,0,0,0,0,0,0,0,0,0,1,0,0,0,0,0,0,0,0,0,0,0,0,0,0,0,0,0,0,0,0,0,0,0,0,0,0,0,0,0,0,3,0,0,0,0,0,0,0,0,0,0,0,0,0,0,0,0,0,0,0,4,0,0,0,0,0,11.1,0,0,33.3,55.6,0,0,0,0,55.6,3.78
"213","WPTL NAC 5/10/2021  ",219,"WPTL NAC",2021,1,"0-50m",3,"RI","Winnapaug Town Land","No Action",NA,-71.766984,41.33182,1,"5/10/2021",5,10,"ADF","High/Rising","8:00",46,2,2,1,2,0.64,3,0,0,0,0,0,0,0,0,0,0,0,0,0,0,0,0,0,0,0,0,0,0,0,0,0,0,0,0,0,0,0,0,0,0,0,0,0,0,0,0,0,0,0,0,0,0,0,0,0,0,0,0,0,0,0,0,0,0,0,0,0,0,0,0,0,0,0,0,0,0,0,0,0,0,0,0,0,2,0,0,0,0,0,0,0,0,0,0,0,0,0,0,0,0,0,0,0,0,0,0,0,0,1,0,0,0,66.7,0,0,0,33.3,0,0,2.33
"214","WPTL NAC 5/20/2023  ",220,"WPTL NAC",2023,1,"0-50m",3,"RI","Winnapaug Town Land","No Action",NA,-71.766984,41.33182,1,"5/20/2023",5,20,"JH","Low/Rising","651",59,2,2,1,4,1.33,6,0,0,0,0,0,0,0,0,0,0,0,2,0,0,0,0,0,0,0,0,0,0,0,0,0,0,0,0,0,0,0,0,0,0,0,0,0,0,0,0,0,0,0,0,0,0,0,0,0,0,0,0,0,0,0,0,2,0,0,0,0,0,0,0,0,0,0,0,0,1,0,0,0,0,0,0,0,0,0,0,0,0,0,0,0,0,0,0,0,0,0,0,0,0,0,0,0,1,0,0,0,0,0,33.3,0,0,0,50,16.7,0,0,0,66.7,3.33
"215","WPTL NAC 6/2/2023  ",221,"WPTL NAC",2023,2,"0-50m",3,"RI","Winnapaug Town Land","No Action",NA,-71.766984,41.33182,2,"6/2/2023",6,2,"JH","High/Rising","608",59,0,1,1,4,1.07,8,0,0,0,0,0,0,0,0,0,0,0,5,0,0,0,0,0,0,0,0,0,0,0,0,0,0,1,0,0,0,0,0,0,0,0,0,0,0,0,0,0,0,0,0,0,0,0,0,0,0,0,0,0,0,1,0,0,0,0,0,0,0,0,0,0,0,0,0,0,0,0,0,0,0,0,0,0,0,0,0,0,0,0,0,0,0,0,0,0,0,0,0,0,0,0,0,0,1,0,0,0,0,0,62.5,0,0,12.5,25,0,0,0,0,25,1.88
"216","WPTL REF 5/10/2021  ",222,"WPTL REF",2021,1,"0-50m",3,"RI","Winnapaug Town Land","Reference",NA,-71.765935,41.336478,1,"5/10/2021",5,10,"ADF","High/Rising","8:45",50,2,2,1,4,1.32,8,0,0,0,0,0,0,0,0,0,0,0,0,0,0,0,0,0,0,0,0,0,0,0,0,0,0,0,0,0,0,0,0,0,0,0,0,0,0,0,0,0,0,0,0,0,0,0,0,0,0,0,0,0,0,0,0,0,0,0,0,0,0,2,0,0,0,0,0,0,0,0,0,0,0,0,0,0,3,0,0,0,0,0,0,0,0,2,0,0,0,0,0,0,0,0,1,0,0,0,0,0,0,0,0,0,25,62.5,0,0,0,12.5,0,25,2.75
"217","WPTL REF 5/20/2023  ",223,"WPTL REF",2023,1,"0-50m",3,"RI","Winnapaug Town Land","Reference",NA,-71.765935,41.336478,1,"5/20/2023",5,20,"JH","Low/Rising","820",60,2,2,1,5,1.27,21,1,0,0,0,0,0,0,0,0,0,0,11,0,0,0,0,0,0,0,0,0,0,0,0,0,0,0,0,5,0,0,0,0,0,0,0,0,0,0,0,0,0,0,0,0,0,0,0,0,0,0,0,0,0,0,0,0,0,0,0,0,0,0,0,0,0,0,0,0,0,0,0,2,0,0,0,0,0,1,0,0,0,0,0,0,0,0,0,0,2,0,0,0,0,0,0,0,0,0,0,0,0,0,71.4,0,0,4.8,0,0,0,23.8,0,0,0.43
"218","WPTL REF 6/2/2023  ",224,"WPTL REF",2023,2,"0-50m",3,"RI","Winnapaug Town Land","Reference",NA,-71.765935,41.336478,2,"6/2/2023",6,2,"JH","High/Rising","732",60,2,1,2,4,1.39,4,1,0,0,0,0,0,0,0,0,0,0,0,0,0,0,0,0,0,0,0,0,0,0,0,0,0,0,0,1,0,0,0,0,0,0,0,0,0,0,0,0,0,0,0,1,0,0,0,0,0,0,0,0,0,1,0,0,0,0,0,0,0,0,0,0,0,0,0,0,0,0,0,0,0,0,0,0,0,1,0,0,0,0,0,0,0,0,0,0,0,0,0,0,0,0,0,0,0,0,0,0,0,0,0,0,0,25,25,0,0,25,25,50,3.75
"219","WPTL RUN 5/10/2021  ",225,"WPTL RUN",2021,1,"0-50m",3,"RI","Winnapaug Town Land","Runnel",8,-71.76859,41.330282,1,"5/10/2021",5,10,"ADF","High/Rising","7:30",46,2,2,1,3,1.01,6,0,0,0,0,0,0,0,0,0,0,0,0,0,0,0,0,0,0,0,0,0,0,0,0,0,0,0,0,0,0,0,0,0,0,0,0,0,0,0,0,0,0,0,0,0,0,0,0,0,0,0,0,0,0,0,0,0,0,0,0,0,0,0,0,1,0,0,0,0,0,0,0,0,0,0,0,0,3,0,0,0,0,0,0,0,0,0,0,0,0,0,0,0,0,0,0,0,0,0,0,0,0,2,0,0,0,50,0,0,0,50,0,0,1.83
"220","WPTL RUN 5/20/2023  ",226,"WPTL RUN",2023,1,"0-50m",3,"RI","Winnapaug Town Land","Runnel",10,-71.76859,41.330282,1,"5/20/2023",5,20,"JH","Low/Rising","707",59,2,1,1,3,0.96,9,0,0,0,0,0,0,0,0,0,0,0,4,0,0,0,0,0,0,0,0,0,0,0,0,0,0,0,0,0,0,0,0,0,0,0,0,0,0,0,0,0,0,0,0,0,0,0,0,0,0,0,0,0,0,0,0,0,0,0,0,0,0,0,0,0,0,0,0,0,1,0,0,0,0,0,0,0,4,0,0,0,0,0,0,0,0,0,0,0,0,0,0,0,0,0,0,0,0,0,0,0,0,0,44.4,0,0,44.4,0,11.1,0,0,0,11.1,1.89
"221","WPTL RUN 6/2/2023  ",227,"WPTL RUN",2023,2,"0-50m",3,"RI","Winnapaug Town Land","Runnel",10,-71.76859,41.330282,2,"6/2/2023",6,2,"JH","High/Rising","623",59,0,1,1,3,1.05,5,0,0,0,0,0,0,0,0,0,0,0,0,0,0,0,0,0,0,0,0,0,0,0,0,0,0,0,0,0,0,0,0,0,0,0,0,0,0,0,0,0,0,0,0,0,0,0,0,0,0,0,0,0,0,0,0,0,0,0,0,0,0,0,0,0,0,0,0,0,2,0,0,0,0,0,0,0,2,0,0,0,0,0,0,0,0,1,0,0,0,0,0,0,0,0,0,0,0,0,0,0,0,0,0,0,0,60,0,40,0,0,0,40,3.4
