"","PointID","Site","State","Treatment","Year","runnel_age","weighted_wetland_score","Aerial","Carnivorous","Dabbler","Marsh","Mudflat","Piscivore","Scavengers","Upland","Wading","Panne_Dependent","richness","shannon","totalbirds","saltysparrow","AGWT","ALFL","AMCR","AMDU","AMGO","AMOY","AMRE","AMRO","BANS","BAOR","BARS","BBGU","BBPL","BCCH","BHCO","BLJA","BLPW","BOBO","BRTH","CAGO","CANG","CARW","CEDW","CHSP","CHSW","CLRA","COEI","COGR","COTE","COYE","CSWA","DCCO","DUNL","EAKI","EAPH","EATO","EUST","EWPW","GBBG","GBHE","GCFL","GLIB","GRCA","GREG","GRHE","GRYE","GWTE","HAWO","HERG","HETH","HOFI","HOSP","HOWR","KILL","LBHE","LESA","LETE","LEYE","MALL","MAWR","MODO","MUSW","NESP","NOCA","NOGO","NOMO","NRWS","OROR","OSPR","PAWA","PEEP","PUMA","RBME","RECR","RTHA","RUBL","RWBL","SALS","SAND","SBDO","SEOW","SEPL","SESA","SESP","SNEG","SOSP","SPSA","STSP","TRES","TUTI","TUVU","UNK_SP","VIRA","Warbler","WEVI","WIFL","WILL","WITU","WOTH","WREN","WRSA","YEWA"
"1","BC NAC","Broad Cove","MA","No Action",2022,NA,2.52,0,0,0,78.8,5.55,0,0,15.65,0,5.55,4,1.22,10,1,0,0,0,0,0,0,0,0,0,0,0,0,0,0,0,0,0,0,0,0,0,0,0,0,0,0,0,1,0,0.5,0,0,0,0,0,0,0,0,0,0,0,0,0,0,0,0.5,0,0,0,0,0,0,0,0,0,0,0,0,0,0,0,0,0,0,0,0,0,0,0,0,0,0,0,0,0,0,4.5,1,0,0,0,0,0,0,0,2.5,0,0,0,0,0,0,0,0,0,0,0,0,0,0,0,0
"2","BC REF","Broad Cove","MA","Reference",2022,NA,2.36,8.35,0,0,77.1,0,0,0,14.6,0,0,4.5,1.39,7,1,0,0.5,0,0,0,0,0,0,0,0,0,0,0,0,0,0,0,0,0,0,0,0,0,0,0,0,0,0,0,0,0.5,0,0,0,0,0,0,0,0,0,0,0,0,0,0,0,0,0,0,0,0,0,0,0,0,0,0,0,0,0,0.5,0,0,0,0,0,0,0,0,0,0,0,0,0,0,0,3,1,0,0,0,0,0,0,0,1,0,0,0,0,0,0,0,0,0,0,0,0,0,0,0,0.5
"3","BC REF","Broad Cove","MA","Reference",2023,NA,2.41,0,0,12.5,53.55,0,0,0,33.95,0,12.5,5,1.37,13.5,1.5,0,0,1,0,0,0,0,0,0,0,0,0,0,0,0,0,0,0,0,0,0,0,0,0,0,0,0,0,0,0.5,0,0,0,0,0,0,2,0,0,0,0,0,0,0,0,0,0,0,0,0,0,0,0,0,0,0,0,0,1.5,0,0,1,0,0.5,0,0,0,0,0,0,0,0,0,0,0,0,5,1.5,0,0,0,0,0,0,0,0.5,0,0,0,0,0,0,0,0,0,0,0,0,0,0,0,0
"4","BC RUN","Broad Cove","MA","Runnel",2022,5,2.08,0,0,0,86.1,0,0,0,13.9,0,0,3,0.86,7.5,0,0,0,0,0,0,0,0,0.5,0,0,0,0,0,0,0,0,0,0,0,0,0,0,0,0,0,0,0,0,0,0,0,0,0,0,0,0,0,0,0,0,0,0,0,0,0,0,0,0,0,0,0,1,0,0,0,0,0,0,0,0,0,0,0,0,0,0,0,0,0,0,0,0,0,0,0,0,5,0,0,0,0,0,0,0,0,0.5,0,0,0,0,0,0,0,0,0,0,0,0,0.5,0,0,0
"5","BC RUN","Broad Cove","MA","Runnel",2023,6,2.92,5.55,0,14.7,68.3,0,5.9,0,5.55,0,20.6,5,1.34,13,1,0,0,0,0,0,0,0,0,0,0,0,0,0,0,0,0.5,0,0,0,0,0,0,0,0,0,0,0,0,0,0,0,0,0,0,0,0,0,0,0,0,0,0,0,0,0,0,0,0,0,0,0,0,0,0,0,0,0,0,2.5,0,1.5,0,0,0,0,0,0,0,1,0,0,0,0,0,0,0,5,1,0,0,0,0,0,0,0,1,0,0,0.5,0,0,0,0,0,0,0,0,0,0,0,0,0
"6","CN NAC","Canonchet","RI","No Action",2022,NA,4.01,9.4,0,0,52.1,21.9,0,0,16.65,0,21.9,3.5,1.12,9.5,2.5,0,0,0,0,0,0,0,0,0,0,1.5,0,0,0,0,0,0,0,0,0,0,0,0,0,0,0,0,0,0,0.5,0,0,0,0,0,0,0,0,0,0,0,0,0,0,0,0,0,0,0,0,0,0,0,0,0,2,0,0,0,0,0,0,0,0,0,0,0,0,0,0,0,0,0,0,0,0,1.5,2.5,0,1.5,0,0,0,0,0,0,0,0,0,0,0,0,0,0,0,0,0,0,0,0,0,0
"7","CN NAC","Canonchet","RI","No Action",2023,NA,3.46,25,0,0,46.45,28.55,0,0,0,0,28.55,4,1.17,9,3,0,0,0,0,0,0,0,0,0,0,3,0,0,0,0,0,0,0,0,0,0,0,0,0,0,0,0,0,0,0,0,0,0,0,0,0,0,0,0,0,0,0,0,0,0,0,0,0,0,0,0,0,0,0,0,0,0,0,0,0,0,0,0,0,0,0,0,0,0,0,0,0,0,0,0,0,1,3,0,0,0,0,0,0,0,0,0,0,0.5,0,0,0,0,0,0,0,1.5,0,0,0,0,0
"8","CN REF","Canonchet","RI","Reference",2022,NA,5,0,0,0,50,0,50,0,0,0,50,2,0.69,4,2,0,0,0,0,0,0,0,0,0,0,0,0,0,0,0,0,0,0,0,0,0,0,0,0,0,0,0,0,0,0,0,0,0,0,0,0,0,0,0,0,0,0,0,0,0,0,0,0,0,0,0,0,0,0,0,0,0,0,0,0,0,0,0,0,0,0,0,0,2,0,0,0,0,0,0,0,0,2,0,0,0,0,0,0,0,0,0,0,0,0,0,0,0,0,0,0,0,0,0,0,0,0
"9","CN REF","Canonchet","RI","Reference",2023,NA,4.78,2.65,0,0,51.75,37.3,0,8.35,0,0,37.3,5,1.29,25,10.5,0,0,0,0,0,0,0,0,0,0,1,0,0,0,0,0,0,0,0,0,0,0,0,0,0,0,0,0,0,0,0,0,0,0,0,0,0,0,0,0,0,0,0,0,0,2.5,0,0,1,0,0,0,0,0,0,0,0,0,0,0,0,0,0,0,0,0,0,0,0,0,0,0,0,0,0,0,0.5,10.5,0,1,0,0,6.5,0,0,0,0,0,0,0,0,0,0,0,0,0,2,0,0,0,0,0
"10","CN RUN","Canonchet","RI","Runnel",2022,7,3.17,0,0,0,83.3,0,0,0,16.7,0,0,4,1.24,6,3,0,0,0,0,1,0,0,0,0,0,0,0,0,0,0,0,0,0,0,0,0,0,0,0,0,0,0,0,0,0,0,0,0,0,0,0,0,0,0,0,0,0,0,0,0,0,0,0,0,0,0,0,0,0,0,0,0,0,0,0,0,0,0,0,0,0,0,0,0,0,0,0,0,0,0,0,1,3,0,0,0,0,0,0,0,1,0,0,0,0,0,0,0,0,0,0,0,0,0,0,0,0
"11","CN RUN","Canonchet","RI","Runnel",2023,8,3.08,28.35,0,0,61.45,10.2,0,0,0,0,10.2,5,1.33,14.5,5.5,0,0,0,0,0,0,0,0,0,0,3.5,0,0,0,0,0,0,0,0,0,0,0,0,0,0,0,0,0,0,0,0,0,0,0,0,0,0,0,0,0,0,0,0,0,0,0,0,0,0,0,0,0,0,0,0,0,0,0,0,0,0,0,0,0,0,0,0,0,0,0,0,0,0,0,0,0,3,5.5,0,0,0,0,0,0,0,0.5,0,0,0.5,0,0,0,0,0,0,0,1.5,0,0,0,0,0
"12","DPR NAC South","Plum Island","MA","No Action",2021,NA,4.4,0,0,0,36.65,53.35,10,0,0,0,63.35,5,1.38,10,1.5,0,0,0,0,0,0,0,0,0,0,0,0,0,0,0,0,0,0.5,0,0,0,0,0,0,0,0,0,0,0.5,0,0,0,0,0,0,0,0,0,0,0,0,0,0,0,0,0.5,0,0,0,0,0,0,0,0,0,0,0,0,0,0,0,0,0.5,0,0,0,0,0,0,0,0,0,0,0,0,0,0.5,1,0,0,0,0,0,1.5,0,0,0,0,0,0,0,1.5,0,0,0,0,3.5,0,0,0,0,0
"13","DPR NAC South","Plum Island","MA","No Action",2023,NA,4.16,13.35,0,0,51.65,35,0,0,0,0,35,5.5,1.51,12.5,0,0,0,0,0,0,0,0,0,0,0,0,0,0,0,0,0,0,0,0,0,0,0,0,0,0,0,0,0,0,0,0,0,0,0,0,0,0,0,0,0,0,0,0,0,0,0.5,0,0,0,0,0,0,0,0,0,0,0,0.5,0,0,0,0,0,0,0,0,0.5,0,0,0,0,0,0,0,0,0,2,0,0,0,0,0,1,4,0,0,0,0,1.5,0,0,0,0,0,0,0,2.5,0,0,0,0,0
"14","DPR REF North","Plum Island","MA","Reference",2021,NA,3.49,0,0,0,94.1,2.95,2.95,0,0,0,5.9,4.5,1.29,11.5,3.5,0,0,0,0,0,0,0,0,0,0,0,0,0,0,0,0,0,0.5,0,0,0,0,0,0,0,0,0,0,0,0,0,0,0,0,0,0,0,0,0,0,0,0,0,0,0,0,0,0,0,0,0,0,0,0,0,0,0,0,0,0,0,0,0,0,0,0,0,0,0.5,0,0,0,0,0,0,0,2,2,0,0,0,0,0,0.5,0,4,0,1.5,0,0,0,0,0,0,0,0,0.5,0,0,0,0,0
"15","DPR REF North","Plum Island","MA","Reference",2023,NA,3.54,8,0,0,67.35,16.65,0,0,8,0,16.65,5.5,1.46,17,5,0,0,0,0,0,0,0,0,1,0,0,0,0,0,0,0,0,1.5,0,0,0,0,0,0,0,0,0,0,0,0,0,0,0,0,0,0,0,0,0,0,0,0,0,0,0,0,0,0,0,0,2,0,0,0,0,0,0,0,0,0,0,0,0,0,0,0,0.5,0,0,0,0,0,0,0,0,0,4,5,0,0,0,0,0,0.5,0,0,0,0,0.5,0,0,0.5,0,0,0,0,1.5,0,0,0,0,0
"16","DPR REF South","Plum Island","MA","Reference",2021,NA,3.06,0,0,0,81.35,18.65,0,0,0,0,18.65,4,1.29,10.5,2.5,0,0,0,0,0,0,0,0,0,0,0,0,0,0,0,0,0,2,0,0,0,0,0,0,0,0,0,0,0,0,0,0,0,0,0,0,0,0,0,0,0,0,0,0,0,0,0,0,0,0,0,0,0,0,0,0,0,0,0,0,0,0,0,0,0,0,0,0,0,0,0,0,0,0,0,0,2,1.5,0,0,0,0,0,0,0,0,0,1,0,0,0,2,0,0,0,0,2,0,0,0,0,0
"17","DPR REF South","Plum Island","MA","Reference",2023,NA,4.14,0,0,0,82.85,17.15,0,0,0,0,17.15,2.5,0.75,8.5,5.5,0,0,0,0,0,0,0,0,0,0,0,0,0,0,0,0,0,1.5,0,0,0,0,0,0,0,0,0,0,0,0,0,0,0,0,0,0,0,0,0,0,0,0,0,0,0,0,0,0,0,0,0,0,0,0,0,0,0,0.5,0,0,0,0,0,0,0,0,0,0,0,0,0,0,0,0,0,0,0,5.5,0,0,0,0,0,0,0,0,0,0,0,0,0,0,0,0,0,0,1,0,0,0,0,0
"18","DPR RUN North","Plum Island","MA","Runnel",2021,2,3.65,2.95,0,0,72.35,24.7,0,0,0,0,24.7,5.5,1.61,11,1,0,0,0,0,0,0,0,0,0,0,0,0,0,0,0,0,0,0.5,0,0,0,0,0,0,0,0,0,0,0,0,0,0,0,0.5,0,0,0,0,0,0,0,0,0,0,0,0,0,0,0,0,0,0,0,0,0,0,0,0,0,0,0,0,0,0,0,0,0,0,0,0,0,0,0,0,0,0,3,0.5,0,0,0,0,1,0.5,0,0,0,0.5,0,0,0,2.5,0,0,0,0,2,0,0,0,0,0
"19","DPR RUN North","Plum Island","MA","Runnel",2023,4,2.26,68.4,0,0,21.1,10.5,0,0,0,0,10.5,4,1.01,19,4,0,0,0,0,0,0,0,0,12,0,0,0,0,0,0,0,0,0,0,0,0,0,0,0,0,0,0,0,0,0,0,0,0,0,0,0,0,0,0,0,0,0,0,0,0,0,0,0,0,0,0,0,0,0,0,0,0,0,0,0,0,0,0,0,0,0,0,0,0,0,0,0,0,0,0,0,0,4,0,0,0,0,2,0,0,0,0,0,1,0,0,0,0,0,0,0,0,0,0,0,0,0
"20","DPR RUN North","Plum Island","MA","Runnel",2023,6,3.55,0,0,0,100,0,0,0,0,0,0,3,0.92,11,6,0,0,0,0,0,0,0,0,0,0,0,0,0,0,0,0,0,4,0,0,0,0,0,0,0,0,0,0,0,0,0,0,0,0,0,0,0,0,0,0,0,0,0,0,0,0,0,0,0,0,0,0,0,0,0,0,0,0,0,0,0,0,0,0,0,0,0,0,0,0,0,0,0,0,0,0,0,6,0,0,0,0,0,1,0,0,0,0,0,0,0,0,0,0,0,0,0,0,0,0,0,0
"21","DPR RUN South","Plum Island","MA","Runnel",2021,4,3.57,14.3,0,0,46.45,39.25,0,0,0,0,39.25,5,1.41,10.5,2,0,0,0,0,0,0,0,0,0,0,0,0,0,0,0,0,0,0,0,0,0,0,0.5,0,0,0,0,0,0,0,0,0,0,0.5,0,0,0,0,0,0,0,0,0,0,0,0,0,0,0,0,0,0,0,0,0,0,0,0,0,0,0,0,0,0,0,0,0,0,0,0,0,0,0,0,0,0,1.5,1.5,0,0,0,0,0,0,0,0,0,0.5,0.5,0,0,2,0,0,0,0,3.5,0,0,0,0,0
"22","DPR RUN South","Plum Island","MA","Runnel",2023,4,3.48,28.35,0,0,68.3,3.35,0,0,0,0,3.35,4,1,10.5,5,0,0,0,0,0,0,0,0,2.5,0,0,0,0,0,0,0,0,0,0,0,0,0,0,0,0,0,0,0,0,0,0,0,0,0.5,0.5,0,0,0,0,0,0,0,0,0,0,0,0,0,0,0,0,0,0,0,0,0,0,0.5,0,0,0,0,0,0,0,0,0,0,0,0,0,0,0,0,0,0,1,5,0,0,0,0,0,0,0,0.5,0,0,0,0,0,0,0,0,0,0,0,0,0,0,0,0
"23","Essex NAC North","Essex","MA","No Action",2022,NA,4,0,0,6.25,50,28.1,0,0,0,15.65,50,5,1.32,12,0,0,0,0,0,0,0,0,0,0,0,0,0,0,0,0,0,0,0,0,0,0,0,0,0,0,0,0,0,0,0,0,0,0,0,0,0,0,0,0,0,0,0.5,0,1,0,0,0,0,0,0,0,0,0,2,0,0,0,0,1,0,0,0,0,0,0,0,0,0,0,0,0,0,0,0,0,0,5.5,0,0,0,0,0,0,0,1,0,0,0,0,0,0,0,0,0,0,0,1,0,0,0,0,0
"24","Essex NAC North","Essex","MA","No Action",2023,NA,2.69,42.2,0,0,42.2,15.55,0,0,0,0,15.55,4,1.25,7,0.5,0,0,0,0,0,0,0,0,0,0,0,0,0,0,0,0,0,0,0,0,0,0,0,0,0,0,0,0,0,0,0,0,0,0,0,0,0,0,0,0,0,0,0,0,0,0,0,0,0,0,0,0,0,0,0,0,0,0,0,0,0,0,0,0,0,0,0.5,0,0,0,0,0,0,0,0,0,2.5,0.5,0,0,0,0,0.5,0,0,0,0,0,2.5,0,0,0,0,0,0,0,0.5,0,0,0,0,0
"25","Essex NAC South","Essex","MA","No Action",2022,NA,2,0,0,0,41.65,0,12.5,0,33.35,12.5,25,2.5,0.84,3.5,0,0,0,0,0,0,0,0,0,0,0,0,0,0,0,0,0,0,0,0,0,0,0,0,0,0,0,0,0,0,0,0,0,0,0,0,0,1,0,0,0,0,0,0,0.5,0,0,0,0,0,0,0,0,0,0,0,0,0,0,0,0,0,0,0,0,0,0,0,0,0.5,0,0,0,0,0,0,0,0.5,0,0,0,0,0,0,0,0,1,0,0,0,0,0,0,0,0,0,0,0,0,0,0,0,0
"26","Essex NAC South","Essex","MA","No Action",2023,NA,1,62.5,0,0,37.5,0,0,0,0,0,0,3,1.08,8,0,0,0,0,0,0,0,0,0,3,0,0,0,0,0,0,0,0,0,0,0,0,0,0,0,0,0,0,0,0,0,0,0,0,0,0,0,0,0,0,0,0,0,0,0,0,0,0,0,0,0,0,0,0,0,0,0,0,0,0,0,0,0,0,0,0,0,0,0,0,0,0,0,0,0,0,0,0,0,0,0,0,0,0,0,0,3,0,0,2,0,0,0,0,0,0,0,0,0,0,0,0,0
"27","Essex REF North","Essex","MA","Reference",2022,NA,1.5,50,0,0,33.3,0,0,0,16.7,0,0,3,1.01,6,0,0,0,1,0,0,0,0,0,0,0,0,0,0,0,0,0,0,0,0,0,0,0,0,0,0,0,0,0,0,0,0,0,0,0,0,0,0,0,0,0,0,0,0,0,0,0,0,0,0,0,0,0,0,0,0,0,0,0,0,0,0,0,0,0,0,0,0,0,0,0,0,0,0,0,0,0,2,0,0,0,0,0,0,0,0,0,0,0,3,0,0,0,0,0,0,0,0,0,0,0,0,0
"28","Essex REF South","Essex","MA","Reference",2022,NA,3.42,8.35,0,0,33.35,50,0,0,8.35,0,50,2.5,0.62,4,0,0,0,0,0,0,0,0,0,0,0,0,0,0,0,0,0,0,0.5,0,0,0,0,0,0,0,0,0,0,0,0,0,0,0,0,0,0,0,0,0,0,0,0,0,0,0,0,0,0,0,0,0,0,0,1,0,0,0,0,0,0,0,0,0,0,0,0.5,0,0,0,0,0,0,0,0,0,0,1.5,0,0,0,0,0,0,0,0,0,0,0,0.5,0,0,0,0,0,0,0,0,0,0,0,0,0
"29","Essex REF South","Essex","MA","Reference",2023,NA,2.5,37.5,0,0,50,12.5,0,0,0,0,12.5,2,0.56,8,0,0,0,0,0,0,0,0,0,0,0,0,0,0,0,0,0,0,0,0,0,0,0,0,0,0,0,0,0,0,0,0,0,0,0,0,0,0,0,0,0,0,0,0,0,0,0,0,0,0,0,0,0,0,1.5,0,0,0,0,0,0,0,0,0,0,0,0,0,0,0,0,0,0,0,0,0,0,5,0,0,0,0,0,0,0,0,0,0,0,1.5,0,0,0,0,0,0,0,0,0,0,0,0,0
"30","Essex RUN North","Essex","MA","Runnel",2022,0,3.52,7.7,0,0,43.25,11.55,0,0,0,37.5,49.05,3.5,1.22,18.5,0,0,0,0,0,0,0,0,0,0,0,0,0,0,0,0,0,0,0,0,0,0,0,0,0,0,0,0,0,0,0,0,0,0,0,0,0,0,0,0,0,0,0,0,4.5,0,0,0,0,0,0,0,0,0,1.5,0,0,0,0,0,0,0,0,0,0,0,0,0,0,0,0,0,0,0,0,0,0,5,0,0,0,0,0,0,0,4.5,2,0,0,1,0,0,0,0,0,0,0,0,0,0,0,0,0
"31","Essex RUN North","Essex","MA","Runnel",2023,1,2.6,15,0,0,60,15,0,0,10,0,15,5,1.39,10,0,0,0,0,0,0.5,0,0,0.5,0,0,0,0,0,0,0,0,0,0,0,0,0,0,0,0,0,0,0,0,0,0,0,0,0,0,0,0,0,0,0,0,0,0,0,0,0,0,0,0,0,0,0,0,0,0,0,0,0,0,0,0,0,0,0,0,0,0,0,0,0,0,0,0,0,0,0,0,4.5,0,0,0,0,0,0,0.5,0,0.5,0,0,1.5,0,0,0.5,0,0,0,0,1.5,0,0,0,0,0
"32","Essex RUN South","Essex","MA","Runnel",2022,0,2,33.35,0,0,66.65,0,0,0,0,0,0,1.5,0.32,2.5,0,0,0,0,0,0,0,0,0,0,0,0,0,0,0,0,0,0,0,0,0,0,0,0,0,0,0,0,0,0,0,0,0,0,1,0,0,0,0,0,0,0,0,0,0,0,0,0,0,0,0,0,0,0,0,0,0,0,0,0,0,0,0,0,0,0,0,0,0,0,0,0,0,0,0,0,0,1.5,0,0,0,0,0,0,0,0,0,0,0,0,0,0,0,0,0,0,0,0,0,0,0,0,0
"33","Essex RUN South","Essex","MA","Runnel",2023,1,3,40,0,0,20,40,0,0,0,0,40,3,1.05,5,0,0,0,0,0,0,0,0,0,2,0,0,0,0,0,0,0,0,0,0,0,0,0,0,0,0,0,0,0,0,0,0,0,0,0,0,0,0,0,0,0,0,0,0,0,0,0,0,0,0,0,0,0,0,0,0,0,0,0,0,0,0,0,0,0,0,0,0,0,0,0,0,0,0,0,0,0,1,0,0,0,0,0,0,0,0,0,0,0,0,0,0,0,0,0,0,0,2,0,0,0,0,0
"34","Ipswich NAC East","Ipswich","MA","No Action",2022,NA,2.34,8.35,0,0,60.4,0,6.25,12.5,12.5,0,6.25,4,1.25,7,0,0,0,0,0,0,0,0,0,0,0,0,0.5,0,0,0,0,0,0,0,0,0,0,0,0,0,0,0,0,0,0,0,0,0,0,0,0,1,0,0,0,0,0,0,0,0,0,0,0,0.5,0,0,1,0,0,0,0,0,0,0,0,0,0,0,0,0,0,0,0,0.5,0,0,0,0,0,0,0,3,0,0,0,0,0,0,0,0,0,0,0,0.5,0,0,0,0,0,0,0,0,0,0,0,0,0
"35","Ipswich REF East","Ipswich","MA","Reference",2022,NA,2.5,0,0,0,0,30,20,0,50,0,50,1.5,0.34,5.5,0,0,0,0,0,0,0,0,0,0,0.5,0,0,0,0,0,0,0,0,0,0,0,0,0,0,0,0,0,0,2,0,0,0,0,0,0,0,0,0,0,0,0,0,0,0,0,0,0,0,0,0,0,0,0,0,0,0,0,0,0,0,0,0,0,0,0,0,0,0,0,0,0,0,0,0,0,0,0,0,0,0,0,0,0,0,0,0,0,0,0,0,0,0,0,0,0,0,3,0,0,0,0,0
"36","Ipswich RUN East","Ipswich","MA","Runnel",2022,0,2.93,10.7,0,0,42.85,8.35,0,0,21.45,16.65,25,5,1.39,10,0,0,0,0,0,0,0,0,0,0,0.5,0,0,0.5,0,0,0,0,0,0,0,0,0,0,0,0,0,0,0,0,0,0,0,0,0,0,0,0,0,0,0,0,0,0,0,0,0,0,0,0,0,0,0.5,0,0,0,0,0,0,0,0,0,0,0,0,0,0,0,0,0,0,0,0,0,0,0,2,3,0,0,0,0,0,0,0,1,0.5,0,0,1.5,0,0,0,0,0,0,0,0,0,0,0,0,0.5
"37","JP NAC","Jacob's Point","RI","No Action",2021,NA,2.67,16.35,0,0,66.35,7.7,0,0,9.6,0,7.7,6,1.58,17,2,0,0,0,0,0,0.5,0,0,0,0,1,0,0,0,0,0,0,0,0,0,0,0,0,0,0,0,0,0,0,1,0,0,0,0,0,0,0,0,0,0,0,0,0,0,0,0,0,0,0,0,0,0,0,0,0,0,0,0,0,0,0,0,0,0,0,0,0,0,0,0,0,1,0,0,0,0,6.5,2,0,0,0,0,0,0,0,2,0,0,0,0,0,0,0,0,0,0,1.5,0,0,0,0,1.5
"38","JP NAC","Jacob's Point","RI","No Action",2023,NA,3.5,9.1,0,0,63.65,13.65,0,0,13.65,0,13.65,4.5,1.18,11,6,0,0,0,0,1.5,0,0,0,0,0,1,0,0,0,0,0,0,0,0,0,0,0,0,0,0,0,0,0,0,0,0,0,0,0,0,0,0,0,0,0,0,0,0,0,0,0,0,0,0,0,0,0,0,0,0,0,0,0,0,0,0,0,0,0,0,0,0,0,0,0,0,0,0,0,0,0,0,6,0,0,0,0,0,0,0,1,0,0,0,0,0,0,0,0,0,0,1.5,0,0,0,0,0
"39","JP RUN","Jacob's Point","RI","Runnel",2021,5,3.11,0,0,0,76.2,0,0,0,23.8,0,0,4.5,1.4,8,2.5,0,0,0,0,0,0,0,0,0,0,0,0,0,0,0,0,0,0,0,0,0,0,0,0,0,0,0,0,0,1,0,0,0,0,0,0,0,0,0,0,0,0,0,0,0,0,0,0,0,0,0,0,0,0,0,0,0,0,0,0,0,0,0,0,0,0,0,0,0,0,0,0,0,0,0,0,2.5,2.5,0,0,0,0,0,0,0,1,0,0,0,0,0,0,0,0,0,0,0,0,0,0,0,1
"40","JP RUN","Jacob's Point","RI","Runnel",2023,7,4.08,5.9,0,0,73.55,14.7,5.9,0,0,0,20.6,4,1.08,13,6,0,0,0,0,0,0,0,0,0,0,0,0,0,0,0,0,0,0,0,0,0,0,0,0,0,0,0,0,0,0,0,0,0,0,0,0,0,0,0,0,0,0,0,0,0,0,0,0,0,0,0,0,0,0,0,0,0,0,0,0,0,0,0,0,0,0,0,0,1,0,0,1,0,0,0,0,1,6,0,0,0,0,0,0,0,1.5,0,0,0,0,0,0,0,0,0,0,2.5,0,0,0,0,0
"41","Kents NAC","Kent's Island","MA","No Action",2022,NA,2.38,22.9,0,0,70.85,0,0,0,6.25,0,0,3,0.92,7,1,0,0,0,0,0,0,0,0,0,0,0,0,0,0,0,0,0,0,0,0,0,0,0,0,0,0,0,0,0,0,0,0,0,1.5,0,0.5,0,0,0,0,0,0,0,0,0,0,0,0,0,0,0,0,0,0,0,0,0,0,0,0,0,0,0,0,0,0,0,0,0,0,0,0,0,0,0,0,4,1,0,0,0,0,0,0,0,0,0,0,0,0,0,0,0,0,0,0,0,0,0,0,0,0
"42","Kents NAC","Kent's Island","MA","No Action",2023,NA,2.29,12.5,0,0,75,0,0,0,12.5,0,0,3,0.98,5.5,0,0,0,0,0,0,0,0,0,0,0,0,0,0,0,0,0,0,0,0,0,0,0,0,0,0,0,0,0,0,1,0,0,0,0,0,0,0,0,0,0,0,0,0,0,0,0,0,0,0,0,0,0,0,0,0,0,0,0,0,0,0,0,0,0,0,0,0,0,0,0,0,0,0,0,0,0,2.5,0,0,0,0,0,0,0,0,1,0,0,1,0,0,0,0,0,0,0,0,0,0,0,0,0
"43","Kents REF","Kent's Island","MA","Reference",2022,NA,3.3,15,0,0,72.5,12.5,0,0,0,0,12.5,3,0.91,12,2.5,0,0,0,0,0,0,0,0,0,0,0,0,0,0,0,0,0,0,0,0,0,0,0,0,0,0,0,0,0,0,0,0,0,0,0,0,0,0,0,0,0,0,0,0,0,0,0,0,0,0,0,0,0,0,0,0,0,0,0,0,0,0,0,0,0,0,1,0,0,0,0,0,0,0,0,0,6,2.5,0,0,0,0,0,0,0,0,0,0,2,0,0,0,0,0,0,0,0.5,0,0,0,0,0
"44","Kents REF","Kent's Island","MA","Reference",2023,NA,3.73,30.95,0,0,59.05,10,0,0,0,0,10,3.5,1.13,18,5.5,0,0,0,0,0,0,0,0,0,0,0,0,0,0,0,0,0,0,0,0,0,0,0,0,0,0,0,0,0,0,0,0,0,0,0,0,0,0,0,0,0,0,0,0,0,0,0,0,0,0,0,0,0,0,0,0,0,0,0,0,0,0,0,0,0,0,5,0,0,0,0,0,0,0,0,0,4.5,5.5,0,0,0,0,0,0,0,0,0,0,1.5,0,0,0,0,0,0,0,1.5,0,0,0,0,0
"45","Kents RUN","Kent's Island","MA","Runnel",2022,0,2.63,30.75,0,0,59.25,0,10,0,0,0,10,3,1.02,9,0.5,0,0,0,0,0,0,0,0,0,0,0,0,0,0,0,0,0,0,0,0,0,0,0,0,0,0,0,0,0,0,0,0,0,2,0,0,0,0,0,0,0,0,0,0,0,0,0,0,0,0,0,0,0,0,0,0,0,0,0,0,0,0,0,0,0,0,0,0,0.5,0,0,0,0,0,0,0,4,0.5,0,0,0,0,0,0,0,0,0,0,2,0,0,0,0,0,0,0,0,0,0,0,0,0
"46","Kents RUN","Kent's Island","MA","Runnel",2023,1,2.5,41.05,0,0,54.8,0,0,0,0,4.15,4.15,4,1.18,13,2,0,0,0,0,0,0,0,0,0,0,0,0,0,0,0,0,0,0,0,0,0,0,0,0,0,0,0,0,0,0,0,0,0,0,0,0,0,0,0,0,0,0,0,0,0,0,0,0,0,0,0,0,0,0,0,0,0,0,0,0,0,0,0,0,0,0,0,0,0,0,0,0,0,0,0,0,4.5,2,0,0,0,0,0,0,0.5,0.5,0,0,5.5,0,0,0,0,0,0,0,0,0,0,0,0,0
"47","MD NAC","Middlebridge","RI","No Action",2022,NA,2.25,42.5,0,0,0,45,0,0,12.5,0,45,2.5,0.86,4.5,0,0,0,0,0,0,0,0,0,0,0,2,0,0,0,0,0,0,0,0,0,0,0,0,0,0,0,0,0,0,0,0,0,0,0,0,0,0.5,0,0,0,0,0,0,0,0,0,0,0,0,0,0,0,0,0,0,0,0,0,0,0,0,0,0,0,0,0,0,0,0,0,0,0,0,0,0,0,0,0,0,0,0,0,0,0,0,0,0,0,0,0,0,0,0,0,0,0,2,0,0,0,0,0
"48","MD NAC","Middlebridge","RI","No Action",2023,NA,0.46,90.9,0,0,9.1,0,0,0,0,0,0,2,0.46,6.5,1,0,0,0,0,0,0,0,0,0,0,2,0,0,0,0,0,0,0,0,0,0,0,3.5,0,0,0,0,0,0,0,0,0,0,0,0,0,0,0,0,0,0,0,0,0,0,0,0,0,0,0,0,0,0,0,0,0,0,0,0,0,0,0,0,0,0,0,0,0,0,0,0,0,0,0,0,0,0,1,0,0,0,0,0,0,0,0,0,0,0,0,0,0,0,0,0,0,0,0,0,0,0,0
"49","MD REF","Middlebridge","RI","Reference",2022,NA,0.32,47.5,0,0,32.5,0,0,0,20,0,0,2.5,0.8,4.5,0,0,0,0,0,0,0,0,0,0,0,1.5,0,0,1,0,0,0,0,0,0,0,0,0,0,0,0,0,0,0,0,0,0,0,0,0,0,0,0,0,0,0.5,0,0,0,0,0,0,0,0,0,0,0,0,0,0,0,0,0,0,0,0,0,0,0,0,0,0,0,0,0,0,0,0,0,0,0,0,0,0,0,0,0,0,0,0,1.5,0,0,0,0,0,0,0,0,0,0,0,0,0,0,0,0
"50","MD REF","Middlebridge","RI","Reference",2023,NA,0.62,87.5,0,0,0,0,0,12.5,0,0,0,1.5,0.28,2.5,0,0,0,0,0,0,0,0,0,0,0,2,0,0,0,0,0,0,0,0,0,0,0,0,0,0,0,0,0,0,0,0,0,0,0,0,0,0,0,0,0,0,0,0,0,0,0,0,0,0.5,0,0,0,0,0,0,0,0,0,0,0,0,0,0,0,0,0,0,0,0,0,0,0,0,0,0,0,0,0,0,0,0,0,0,0,0,0,0,0,0,0,0,0,0,0,0,0,0,0,0,0,0,0
"51","MD RUN","Middlebridge","RI","Runnel",2022,6,2.5,50,0,0,50,0,0,0,0,0,0,1.5,0.28,2.5,0.5,0,0,0,0,0,0,0,0,0,0,1.5,0,0,0,0,0,0,0,0,0,0,0,0.5,0,0,0,0,0,0,0,0,0,0,0,0,0,0,0,0,0,0,0,0,0,0,0,0,0,0,0,0,0,0,0,0,0,0,0,0,0,0,0,0,0,0,0,0,0,0,0,0,0,0,0,0,0,0,0.5,0,0,0,0,0,0,0,0,0,0,0,0,0,0,0,0,0,0,0,0,0,0,0,0
"52","MD RUN","Middlebridge","RI","Runnel",2023,7,4.17,16.7,0,0,0,0,33.3,0,0,50,83.3,4,1.33,6,0,0,0,0,0,0,0,0,0,0,0,1,0,0,0,0,0,0,0,0,0,0,0,0,0,0,0,0,0,0,0,0,2,0,0,0,0,0,0,0,0,0,0,0,0,1,0,0,0,0,0,0,0,0,0,0,0,0,0,0,0,0,0,0,0,0,0,0,0,0,0,0,0,0,0,0,0,0,0,0,0,0,0,0,0,2,0,0,0,0,0,0,0,0,0,0,0,0,0,0,0,0,0
"53","MM NAC","Moody Marsh","ME","No Action",2021,NA,1.83,0,0,16.7,33.3,0,0,0,50,0,16.7,3,1.01,6,0,0,0,0,0,0,0,0,0,0,0,0,0,0,0,0,0,0,0,0,0,0,0,0,0,0,0,0,3,0,0,0,0,0,0,0,0,0,0,0,0,0,0,0,0,0,0,0,0,0,0,0,0,0,0,0,0,0,0,1,0,0,0,0,0,0,0,0,0,0,0,0,0,0,0,0,0,2,0,0,0,0,0,0,0,0,0,0,0,0,0,0,0,0,0,0,0,0,0,0,0,0,0
"54","MM NAC","Moody Marsh","ME","No Action",2023,NA,3.59,9.1,0,9.1,81.8,0,0,0,0,0,9.1,3.5,1.14,7.5,2.5,0,0,0,0,0,0,0,0,0,0,0,0,0,0,0,0,0,0,0,1,0,0,0,0,0,0,0,0,0,0,0,0,0,0,0,0,0,0,0,0,0,0,0,0,0,0,0,0,0,0,0,0,0,0,0,0,0,0,0,0,0,0,0,0,0,0,0,0,0,0,0,0,0,0,0,0,2,2.5,0,0,0,0,0,0,0,0,0,0,1,0,0,1,0,0,0,0,0,0,0,0,0,0
"55","MM REF","Moody Marsh","ME","Reference",2021,NA,4,25,0,0,0,75,0,0,0,0,75,1.5,0.34,2.5,0,0,0,0,0,0,0,0,0,0,0,0,0,0,0,0,0,0,0,0,0,0,0,0,0,0,0,0,0,0,0,0,0,0,0,0,0,0,0,0,0,0,0,0,0,0,0,0,0,0,0,0,0,0,0,0,0,0,0,0,0,0,0,0,0,0,0,0,0,0,0,0,0,0,0,0,0,0,0,0,0,0,0,0,0,0,0,0,0,0.5,0,0,0,0,0,0,0,2,0,0,0,0,0
"56","MM REF","Moody Marsh","ME","Reference",2023,NA,4.75,2.95,0,44.1,1.45,50,0,0,1.45,0,94.1,2.5,0.24,17.5,0,0,0,0,0,0,0,0,0,0,0,0,0,0,0,0,0,0,0,0,15,0,0,0,0,0,0,0,0.5,0,0,0,0,0,0,0,0,0,0,0,0,0,0,0,0,0,0,0,0,0,0,0,0,0,0,0,0,0,0,0,0,0,0,0,0,0,0,0,0,0,0,0,0,0,0,0,0,0,0,0,0,0,0,0,0,0,0,0,0,1,0,0,0.5,0,0,0,0,0.5,0,0,0,0,0
"57","MM RUN","Moody Marsh","ME","Runnel",2021,10,3,25,0,0,75,0,0,0,0,0,0,1.5,0.34,2.5,0.5,0,0,0,0,0,0,0,0,0,0,0,0,0,0,0,0,0,0,0,0,0,0,0,0,0,0,0,0,0,0,0,0,0,0,0,0,0,0,0,0,0,0,0,0,0,0,0,0,0,0,0,0,0,0,0,0,0,0,0,0,0,0,0.5,0,0,0,0,0,0,0,0,0,0,0,0,0,1.5,0,0,0,0,0,0,0,0,0,0,0,0.5,0,0,0,0,0,0,0,0,0,0,0,0,0
"58","MM RUN","Moody Marsh","ME","Runnel",2023,12,2.29,53.55,0,32.15,7.15,0,0,0,7.15,0,32.15,3.5,0.88,8.5,0,0,0,0,0,0,0,0,0,1,0,0,0,0,0,0,0,0,0,0,4.5,0,0,0,0,0,0,0,0,0,0,0,0,0,0,0,0,0,0,0,0,0,0,0,0,0,0,0,0,0,0,0,0,0,0,0,0,0,0,0,0,0,0,0,0,0,0,0,0,0,0,0,0,0,1,0,0,0.5,0,0,0,0,0,0,0,0,0,0,0,1,0,0,0.5,0,0,0,0,0,0,0,0,0,0
"59","NR NAC","Narrow River","RI","No Action",2022,NA,5,0,0,66.7,33.3,0,0,0,0,0,66.7,2,0.64,3,1,0,0,0,0,0,0,0,0,0,0,0,0,0,0,0,0,0,0,0,0,0,0,0,0,0,0,0,0,0,0,0,0,0,0,0,0,0,0,0,0,0,0,0,0,0,0,0,0,0,0,0,0,0,0,0,0,0,0,2,0,0,0,0,0,0,0,0,0,0,0,0,0,0,0,0,0,0,1,0,0,0,0,0,0,0,0,0,0,0,0,0,0,0,0,0,0,0,0,0,0,0,0
"60","NR NAC","Narrow River","RI","No Action",2023,NA,3.72,25.45,0,20,47.75,6.8,0,0,0,0,26.8,4,1.08,16,7.5,0,0,0,0,0,0,0,0,0,0,4.5,0,0,0,0,0,0,0,0,0,0,0,0,0,0,0,0,0,0,0,0,0,0,0,0,0,0,0,0,0,0,0,0,0,0,0,0,0,0,0,0,0,0,0,0,0,0,0,2,0,0,0,0,0,0,0,0,0,0,0,0,0,0,0,0,0,0,7.5,0,0.5,0,0,0,0,0,0,0,0,0,0,0,0,0,0,0,0.5,1,0,0,0,0,0
"61","NR REF","Narrow River","RI","Reference",2022,NA,2.27,50,0,0,26.9,11.55,0,0,0,11.55,23.1,2.5,0.69,8,2,0,0,0,0,0,0,0,0,0,0,1.5,0,0,0,0,0,0,0,0,0,0,0,0,0,0,0,0,0,0,0,0,0,0,0,0,0,0,0,0,0,0,0,0,1.5,0,0,0,0,0,0,0,0,0,0,0,0,0,0,0,0,0,0,0,0,0,0,0,0,0,0,0,0,0,0,0,0,1.5,2,0,0,0,0,0,0,0,0,0,0,0,0,0,0,0,0,0,0,1.5,0,0,0,0,0
"62","NR REF","Narrow River","RI","Reference",2023,NA,3.54,31.65,0,0,48.35,0,0,0,0,20,20,3,0.98,11.5,4.5,0,0,0,0,0,0,0,0,0,0,1,0,0,0,0,0,0,0,0,0,0,0,0,0,0,0,0,0,0,0,0,0,0,0,0,0,0,0,0,0,0,0,0,3,0,0,0,0,0,0,0,0,0,0,0,0,0,0,0,0,0,0,0,0,0,0,0,0,0,0,0,0,0,0,0,0,1,4.5,0,0,0,0,0,0,0,0,0,0,2,0,0,0,0,0,0,0,0,0,0,0,0,0
"63","NR RUN","Narrow River","RI","Runnel",2022,6,4,12.5,0,0,18.75,50,0,0,0,18.75,68.75,2,0.54,4.5,0,0,0,0,0,0,0,0,0,0,0,1,0,0,0,0,0,0,0,0,0,0,0,0,0,0,0,0,0,0,0,0,0,0,0,0,0,0,0,0,0,0,0,0,0,0,0,0,0,0,0,0,0,0,0,0,0,0,0,0,0,0,0,0,0,0,0,0,0,0,0,0,0,0,0,0,0,1.5,0,0,0,0,0,0,0,1.5,0,0,0,0,0,0,0,0,0,0,0,0.5,0,0,0,0,0
"64","NR RUN","Narrow River","RI","Runnel",2023,7,4.33,4,0,0,84,12,0,0,0,0,12,3,0.74,19,13,0,0,0,0,0,0,0,0,0,0,1,0,0,0,0,0,0,0,0,0,0,0,0,0,0,0,0,0,0,0,0,0,0,0,0,0,0,0,0,0,0,0,0,0,0,0,0,0,0,0,0,0,0,0,0,0,0,0,0,0,0,0,0,0,0,0,0,0,0,0,0,0,0,0,0,0,0,13,0,0,0,0,0,0,0,2,0,0,0,0,0,0,0,0,0,0,3,0,0,0,0,0
"65","OTH NAC","Old Town Hill","MA","No Action",2022,NA,3.5,0,0,0,92.3,0,0,0,7.7,0,0,3.5,0.8,11,4,0,0,0,0,0.5,0,0,0,0,0,0,0,0,0,0,0.5,0,0,0,0,0,0,0,0,0,0.5,0,0,0,0,0,0,0,0,0,0,0,0,0,0,0,0,0,0,0,0,0,0,0,0,0,0,0,0,0,0,0,0,0,0,0,0,0,0,0,0,0,0,0,0,0,0,0,0,0,0,5.5,4,0,0,0,0,0,0,0,0,0,0,0,0,0,0,0,0,0,0,0,0,0,0,0,0
"66","OTH NAC","Old Town Hill","MA","No Action",2023,NA,3.24,15.5,0,21.45,58.95,0,0,0,4.15,0,21.45,3.5,1.1,9.5,1.5,0,0,0,0,0,0,0,0,0,0,0,0,0,0.5,0,0,0,0,0,0,0,0,0,0,0,0,0,0,0,0,0,0,0,0,0,0,0,0,0,0,0,0,0,0,0,0,0,0,0,0,0,0,0,0,0,0,0,0,1.5,0,0,0,0,0,0,0,0,0,0,0,0,0,0,0,0,0,4.5,1.5,0,0,0,0,0,0,0,0,0,0,1.5,0,0,0,0,0,0,0,0,0,0,0,0,0
"67","OTH REF","Old Town Hill","MA","Reference",2022,NA,3.4,0,0,0,88.35,5,0,0,6.65,0,5,3,0.88,12.5,3,0,0,0,0,1,0,0,0,0,0,0,0,0,0,0,0,0,0,0,0,0,0,0,0,0,0,0,0,0,0,0,0,0,0,0,0,0,0,0,0,0,0,0,0,0,0,0,0,0,0,0,0,0,0,0,0,0,0,0,0,0,0,0,0,0,0,0,0,0,0,0,0,0,0,0,0,8,3,0,0,0,0,0,0,0,0,0,0,0,0,0,0,0,0,0,0,0.5,0,0,0,0,0
"68","OTH REF","Old Town Hill","MA","Reference",2023,NA,3.4,22.7,0,0,66.9,10.4,0,0,0,0,10.4,4.5,1.31,20.5,7.5,0,0,0,0,0,0,0,0,0,0,0,0,0,0,0,0,0,0,0,0,0,0,0,0,0,0,0,0,0,0,0,0,0,0,0,0,0,0,0,0,0,0,0,0,0,0,0,0,0,0,0,0.5,0,0,0,0,0,0,0,0,0,0,1,0,0,0,0,0,0,0,0,0,0,0,0,0,6,6.5,0,0,0,0,0,0,0,0,0,0,4,0,0,0,0,0,0,0,2.5,0,0,0,0,0
"69","OTH RUN","Old Town Hill","MA","Runnel",2022,1,4.25,0,0,0,50,50,0,0,0,0,50,2.5,0.86,6,0.5,0,0,0,0,0,0,0,0,0,0,0,0,0,0,0,0,0,0,0,0,0,0,0,0,0,0,0,0,0,0,0,0,0,0,0,0,0,0,0,0,0,0,0,0,0,0,0,0,0,0,0,0,0,0,0,0,0,0,0,0,0,0,0,0,0,0,0,0,0,0,0,0,0,0,0,0,2.5,0.5,0,0,0,0,0,0,0,0,0,0,0,0,0,0,0,0,0,0,3,0,0,0,0,0
"70","OTH RUN","Old Town Hill","MA","Runnel",2023,2,3.79,12.5,0,0,67.9,19.6,0,0,0,0,19.6,3.5,1.21,11.5,4,0,0,0,0,0,0,0,0,0,0,0,0,0,0,0,0,0,0,0,0,0,0,0,0,0,0,0,0,0,0,0,0,0,0,0,0,0,0,0,0,0,0,0,0,0,0,0,0,0,0,0,0,0,0,0,0,0,0,0,0,0,0,0,0,0,0,0,0,0,0,0,0,0,0,0,0,4,4,0,0,0,0,0,0,0,0,0,0,1,0,0,0,0,0,0,0,2.5,0,0,0,0,0
"71","PINE NAC","Pine Island","MA","No Action",2021,NA,4.34,0,0,0,22.2,66.65,0,0,0,11.1,77.8,3,0.99,7,0.5,0,0,0,0,0,0,0,0,0,0,0,0,0,0,0,0,0,0,0,0,0,0,0,0,0,0,0,0,0,0,0,0,0,0,0,0,0,0,0,0,0,0,0,0,0,0,0,0,0,0,0,0,0,0,0,0,0,0,0,0,0,0,0,0,0,0,0,0,0,0,0,0,0,0,0,0,0,0.5,0,0,0,0,1,0,1,0,0,0,0,0,0,1.5,0,0,0,0,3,0,0,0,0,0
"72","PINE NAC","Pine Island","MA","No Action",2023,NA,2.58,20.6,0,0,48.4,19.9,11.1,0,0,0,31,4.5,1.33,13,0.5,0,0,0,0,0,0,0,0,0,0,0,0,0,0,0,0,0,5.5,0,0,0,0,0,0,0,0,0,0,1,0,0,0,0,0,0,0,0,0,0,0,0,0,0,0,0,0,0,0,0,0,0,0,0,1,0,0,0,0,0,0,0,0,0,0,0,0,1,0,0,0,0,0,0,0,0,0,0,0.5,0,0,0,0,0,0,0,0,0,0,2.5,0,0,0,0,0,0,0,1,0,0,0,0.5,0
"73","PINE REF North","Pine Island","MA","Reference",2021,NA,5,0,0,0,66.65,33.35,0,0,0,0,33.35,2,0.66,6.5,3.5,0,0,0,0,0,0,0,0,0,0,0,0,0,0,0,0,0,0,0,0,0,0,0,0,0,0,0,0,0,0,0,0,0,0,0,0,0,0,0,0,0,0,0,0,0,0,0,0,0,0,0,0,0,0,0,0,0,0,0,0,0,0,0,0,0,0,0,0,0,0,0,0,0,0,0,0,0,2.5,0,0,0,0,0,0,0,0,0,1,0,0,0,0,0,0,0,0,3,0,0,0,0,0
"74","PINE REF North","Pine Island","MA","Reference",2023,NA,3,5,0,0,95,0,0,0,0,0,0,3,0.98,7.5,4,0,0,0,0,0,0,0,0,0,0,0,0,0,0,0,0,0,2.5,0,0,0,0,0,0.5,0,0,0,0,0,0,0,0,0,0,0,0,0,0,0,0,0,0,0,0,0,0,0,0,0,0,0,0,0,0,0,0,0,0,0,0,0,0,0,0,0,0,0.5,0,0,0,0,0,0,0,0,0,0,4,0,0,0,0,0,0,0,0,0,0,0,0,0,0,0,0,0,0,0,0,0,0,0,0
"75","PINE REF South","Pine Island","MA","Reference",2021,NA,3.92,12.5,0,0,33.35,54.15,0,0,0,0,54.15,3,1.04,8,0.5,0,0,0,0,0,0,0,0,0,0,0,0,0,0,0,0,0,2.5,0,0,0,0,0,0,0,0,0,0,0,0,0,0,0,0,0,0,0,0,0,0,0,0,0,0,0,1,0,0,0,0,0,0,0,0,0,0,0,0,0,0,0,0,0.5,0,0,0,0.5,0,0,0,0,0,0,0,0,0,0,0,0,0,0,0,0,0,0,0,0,0,0,0,0,0,0,0,0,0,3.5,0,0,0,0,0
"76","PINE REF South","Pine Island","MA","Reference",2023,NA,3.71,0,0,0,83.35,16.65,0,0,0,0,16.65,2.5,0.8,6.5,3,0,0,0,0,0,0,0,0,0,0,0,0,0,0,0,0,0,2,0,0,0,0,0,0,0,0,0,0,0,0,0,0,0,0,0,0,0,0,0,0,0,0,0,0,0,0,0,0,0,0,0,0,0,0,0,0,0,0,0,0,0,0,0,0,0,0,0,0,0,0,0,0,0,0,0,0,0.5,3,0,0,0,0,0,0,0,0,0,0,0,0,0,0,0,0,0,0,1,0,0,0,0,0
"77","PINE RUN North","Pine Island","MA","Runnel",2021,6,5,0,0,0,63.15,36.85,0,0,0,0,36.85,3.5,1.14,11.5,4.5,0,0,0,0,0,0,0,0,0,0,0,0,0,0,0,0,0,0,0,0,0,0,0,0,0,0,0,0,0,0,0,0,0,0,0,0,0,0,0,0,0,0,0,0,0,1,0,0,0,0,0,0,0,0,0,0,0,0,0,0,0,0,0.5,0,0,0,0,0,0,0,0,0,0,0,0,0,0,3,0,0,0,0,1.5,0,0,0,0,1,0,0,0,0,0,0,0,0,4.5,0,0,0,0,0
"78","PINE RUN North","Pine Island","MA","Runnel",2023,8,4.25,7.8,0,0,40.1,28.1,11.45,0,0,12.5,52.1,5.5,1.56,22,4,0,0,0,0,0,0,0,0,0,0,0,0,0,0,0,0,0,1.5,0,0,0,0,0,0,0,0,0,0,2,0,0,0,0,0,0,0,0,0,0,1,0,0,0,0,0,0,0,0,0,0,0,0,0,0,0,0,0,0,0,0,0,0,0,0,0,0,0,0,0,0,0,0,0,0,0,0,1.5,4,0,0,0,0,2.5,0,0.5,0,0,0,2.5,0,0,0,0,0,0,0,6.5,0,0,0,0,0
"79","PINE RUN South","Pine Island","MA","Runnel",2021,6,4.56,0,0,0,11.1,83.35,5.55,0,0,0,88.9,2.5,0.73,13,0,0,0,0,0,0,0,0,0,0,0,0,0,0,0,0,0,0,0,0,0,0,0,0,0,0,0,0,0,0.5,0,0,0,0,0,0,0,0,0,0,0,0,0,0,0,0,0,0,0,0,0,0,0,0,0,0,0,0,0,0,0,0,0,0,0,0,0,0,0,0,0,0,0,0,0,0,0,0,0,0,0,0,0,2.5,0,0,0,0,0,0,0,0,1,0,0,0,0,9,0,0,0,0,0
"80","PINE RUN South","Pine Island","MA","Runnel",2023,8,5,0,0,0,62.5,28.1,3.1,0,0,6.25,37.5,3.5,0.85,11.5,5.5,0,0,0,0,0,0,0,0,0,0,0,0,0,0,0,0,0,0,0,0,0,0,0,0,0,0,0,0,0.5,0,0,0,0,0,0,0,0,0,0,0,0,0,0,1,0,0,0,0,0,0,0,0,0,1,0,0,0,0,0,0,0,0,0,0,0,0,0,0,0,0,0,0,0,0,0,0,0,5.5,0,0,0,0,2,0,0,0,0,0,0,0,0,0,0,0,0,0,1.5,0,0,0,0,0
"81","PLHA NAC","Plum Island","MA","No Action",2022,NA,3.79,4.55,0,0,48.25,47.2,0,0,0,0,47.2,3.5,1,12,0.5,0,0,0,0,0,0,0,0,0,0,0,0,0,0,0,0,0,1,0,0,0,0,0,0,0,0,0,0,0,0,0,0,0,0,0,0,0,0,0,0,0,0,0,0,0,0,0,0,0,0,0,0,0,0,0,0,0,0,0,0,0,0,0,0,0,0,0,0,0,0,0,0,0,0,0,0,4.5,0.5,0,0,0,0,0,0,0,0,0,0,0.5,0,0,0,0,0,0,0,5.5,0,0,0,0,0
"82","PLHA NAC","Plum Island","MA","No Action",2023,NA,2.69,25,0,0,37.5,22.5,6.25,0,6.25,2.5,31.25,5,1.41,14,0.5,0,0,0,0,0,0,0,0,0,0,0,0,0,0,0,0,0,1.5,0,0,0,0,0,0,0,0,0,0.5,0,0,0,0.5,0,0,0,0,0,0,0,0,0,0,0,0.5,0,2,0,0,0,0,0,0,0,0,0,0,0,0,0,0,0,0,0,0,0,0,0,0,0,0,0,0,0,0,0,0,1,0.5,0,0,0,0,1.5,0,0,0,0,0,5,0,0,0,0,0,0,0,1,0,0,0,0,0
"83","PLHA REF North","Plum Island","MA","Reference",2022,NA,3.56,3.55,0,0,57.9,31.35,7.15,0,0,0,38.5,5,1.39,11.5,2,0,0,0,0,0,0,0,0,0,0,0,0,0,0,0,0,0,3,0,0,0,0,0,0,0,0,0,0,1,0,0,0,0,0.5,0,0,0,0,0,0,0,0,0,0,0,0,0,0,0,0,0,0,0,0,0,0,0,0,0,0,0,0,0,0,0,0,0,0,0,0,0,0,0,0,0,0,2,2,0,0,0,0,0,0,0,0,0,0,0,0,0,0,0,0,0,0,3,0,0,0,0,0
"84","PLHA REF North","Plum Island","MA","Reference",2023,NA,3.31,17.85,0,0,70.85,11.25,0,0,0,0,11.25,4.5,1.36,13.5,5,0,0,0,0,0,0,0,0,0,0,0,0,0,0,0,0,0,0.5,0,0,0,0,0,0,0,0,0,0,0,0,0,0,0,0,0,0,0,0,0,0,0,0,0,0,0,0.5,0,0,0,0,0,0,0,0,0,0,0,0,0,0,0,0,0,0,0,0,0,0,0,0,0,0,0,0,0,0,2.5,5,0,0,0,0,0,0,0,0,0,0,2.5,0,0,1.5,0,0,0,0,1,0,0,0,0,0
"85","PLHA REF South","Plum Island","MA","Reference",2022,NA,4.6,0,0,0,62.5,37.5,0,0,0,0,37.5,3,0.89,7,2.5,0,0,0,0,0,0,0,0,0,0,0,0,0,0,0,0,0,0.5,0,0,0,0,0,0,0,0,0,0,0,0,0,0,0,0,0,0,0,0,0,0,0,0,0,0,0,0,0,0,0,0,0,0,0,0,0,0,0,0,0,0,0,0,0,0,0,0,0,0,0,0,0,0,0,0,0,0,1,2.5,0,0,0,0,0,0,0,0,0,0,0,0,0,0,0,0,0,0,3,0,0,0,0,0
"86","PLHA REF South","Plum Island","MA","Reference",2023,NA,3.78,23.1,0,0,14.95,35.5,5.55,5.55,0,15.4,56.45,5.5,1.46,11,0.5,0,0,0,0,0,0,0,0,2,0,0,0,0,0,0,0,0,0,0,0,0,0,0,0,0,0,0,0,0.5,0,0,0,0,0,0,0,0,0,0,2,0,0,0,0,0,0,0,0,0.5,0,0,0,0,0,0,0,0,0,0,0,0,0,0,0,0,0,0,0,0,0,0,0,0,0,0,0,0.5,0.5,0,0,0,0,0.5,0,0,0,0,0,1,0,0,0.5,0,0,0,0,3,0,0,0,0,0
"87","PLHA RUN North","Plum Island","MA","Runnel",2022,3,3.42,10.7,0,7.15,52.45,26.1,0,0,3.55,0,33.25,6,1.72,13.5,2,0,0,0,1,0,0,0,0,0,0,0,0,0,0,0,0,0,1,0,0,0,0,0,0,0,0,0,0.5,0,0,0,0,0,0,0,0,0,0,0,0,0,0,0,0,0,0,0,0,0,0,0,0,0,0,0,0,0,0,0,0,0,0,0,0,0,0,0,0,0,0,0,0,0,0,0,0,1.5,2,0,0,0,0,0,1,0,0,0,0,1.5,0,0,1.5,0,0,0,0,3.5,0,0,0,0,0
"88","PLHA RUN North","Plum Island","MA","Runnel",2023,4,3.58,14.5,0,0,41.8,32.2,11.55,0,0,0,43.7,5,1.27,17.5,0.5,0,0.5,0,0,0,0,0,0,0,0,0,0,0,0,0,0,0,0,0,0,0,0,0,0,0,0,0,0,1.5,0,0,0,0,1,0,0,0,0,0,0,0,0,0,0,0,0,0,0,0,0,0,0,0,0,0,0,0,0,0,0,0,0,0,0,0,0,0,0,0,0,0,0,0,0,0,0,7.5,0.5,0,0,0,0,3,0,0,0,0,0,1,0,0,0.5,0,0,0,0,2,0,0,0,0,0
"89","PLHA RUN South","Plum Island","MA","Runnel",2022,0,2.94,29.4,0,0,41.2,29.4,0,0,0,0,29.4,5,1.53,17,2,0,0,0,0,0,0,0,0,0,0,0,0,0,0,0,0,0,0,0,0,0,0,0,0,0,0,0,0,0,0,0,0,0,3,2,0,0,0,0,0,0,0,0,0,0,0,0,0,0,0,0,0,0,5,0,0,0,0,0,0,0,0,0,0,0,0,0,0,0,0,0,0,0,0,0,0,5,2,0,0,0,0,0,0,0,0,0,0,0,0,0,0,0,0,0,0,0,0,0,0,0,0
"90","PLHA RUN South","Plum Island","MA","Runnel",2022,3,4.45,0,0,0,45.5,36.4,9.1,0,0,9.1,54.5,6,1.72,11,2,0,0,0,0,0,0,0,0,0,0,0,0,0,0,0,0,0,0,0,0,0,0,0,0,0,0,0,0,1,0,0,0,0,0,0,0,0,0,0,0,0,0,0,1,0,2,0,0,0,0,0,0,0,0,0,0,0,0,0,0,0,0,0,0,0,0,0,0,0,0,0,0,0,0,0,0,3,2,0,0,0,0,0,0,0,0,0,0,0,0,0,0,0,0,0,0,2,0,0,0,0,0
"91","PLHA RUN South","Plum Island","MA","Runnel",2023,4,2.52,35,0,0,50,15,0,0,0,0,15,5.5,1.56,14,1.5,0,0,0,0,0,0,0,0,3.5,0,0,0,0,0,0,0,0,2.5,0,0,0,0,0,0,0,0,0,0,0,0,0,0,0,0,0,0,0,0,0,0,0,0,0,0,0,0,0,0,0,0,0,0,0,0,0,0,0,0,0,0,0,0,0,0,0,0,0,0,0,0,0,0,0,0,0,0,2.5,1.5,0,0,0,0,0,0,0,0,0,0,2,0,0,0.5,0,0,0,0,1.5,0,0,0,0,0
"92","PP NAC","Potter's Pond","RI","No Action",2021,NA,3.5,0,0,0,26.65,0,8.35,10,26.65,28.35,36.65,4.5,1.47,5.5,0.5,0,0,0,0,0,0,0,0,0,0,0,0,0,0,0,0,0,0,0,0,0,0,0,0,0,0,0,0.5,0,0,0,0,0,0,0,0,0,0,0,0,0,0,0,0.5,0.5,0,0,0,0.5,0,0,0,0,0,0,0,0.5,0,0,0,0,0,0,0,0,0,0,0,0,0,0,0,0,0,0,0,1,0.5,0,0,0,0,0,0,0.5,0,0,0,0,0,0,0,0,0,0,0,0,0,0,0,0,1
"93","PP NAC","Potter's Pond","RI","No Action",2023,NA,3.5,18.35,0,0,20,25,0,0,16.65,20,45,4,1.33,5.5,0.5,0,0,0,0,0,0,0,0,0,0,0.5,0,0,0,0,0,0,0,0,0,0,0,0,0,0,0.5,0,1,0,0,0,0,0,0,0,0,0,0,0,0,0,0,0,0,0,0,0,0,0,0,0,0,0,0,0,1,0,0,0,0,0,0,0,0,0,0,0.5,0,0,0,0,0,0,0,0,0,0,0.5,0,0.5,0,0,0,0,1,0,0,0,0,0,0,0,0,0,0,0,0,0,0,0,0,0
"94","PP REF","Potter's Pond","RI","Reference",2021,NA,3.08,3.55,0,0,69.3,7.15,0,0,20,0,7.15,4.5,1.26,9.5,1,0,0,0,0,0,0,0,0,0,0,0,0,0,0,0,0,0,0,0,0,0,0,0,0,0,1,0,0,0,0.5,0,0,0,0,0,0,0,0,0,0,0,0,0,0,0,0,0,0,0,0,0,0,0,0,0,0,0,0,0,0,0,0,0,0,0,0,0,0,0,0,0,0,0,0,0,0,4.5,1,0,0,0,0,0,0,0,0.5,0,0,0.5,0,0,0,0,0,0,0,1,0,0,0,0,0.5
"95","PP REF","Potter's Pond","RI","Reference",2023,NA,3.99,0,0,0,83.75,10.7,0,0,0,5.55,16.25,3.5,1.09,11.5,3,0,0,0,0,0,0,0,0,0,0,0,0,0,0,0,0,0,0,0,0,0,0,0,0,0,0.5,0,0,0,0,0,0,0,0,0,0,0,0,0,0,0,0,0,0,0,0,0,0,0,0,0,0,0,0,0,0,0,0,0,0,0,0,0,0,0,0,0,0,0,0,0,0,0,0,0,0,6,3,0,0,0,0,0,0,0.5,0,0,0,0,0,0,0,0,0,0,0,1.5,0,0,0,0,0
"96","PP RUN","Potter's Pond","RI","Runnel",2021,3,3.63,3.55,0,0,49.25,21.45,0,0,22.2,3.55,25,4.5,1.27,16,4,0,0,0,0,0,0,0,0,0,0,0,0,0,0,0,0,0,0,0,0,0,0,0,0,0,0,0,0,0,1,0,0,0,0,0,0,0,0,0,0,0,0,1,0,0,0,0,0,0,0,0,0,0,0,0,0,0,0,0,0,0,0,0,0,0,0,0,0,0,0,0,0,0,0,0,0,4,4,0,0,0,0,0,0,0.5,0,0,0,0.5,0,0,0,0,0,0,0,3,0,0,0,0,2
"97","PP RUN","Potter's Pond","RI","Runnel",2023,5,4.42,4.15,0,0,54.6,34.6,0,0,2.1,4.6,39.15,6.5,1.58,22,7.5,0,0,0,0,0,0,0,0,0,0,0.5,0,0,0,0,0,0,0,0,0,0,0,0,0,0,1,0,0,0,0,0,0,1,0,0,0,0,0,0,0,0,0,0,0,0.5,0,0,0,0,0,0,0,0,0,0,0,0,0,0,0,0,0,0,0,0,0,0,0,0,0,0,0,0,0,0,0,3.5,7.5,0,0,0,0,0,0,0.5,0,0,0,0.5,0,0,0,0,0,0,0,6.5,0,0,0,0,0.5
"98","RM NAC","Round Marsh","RI","No Action",2023,NA,3.64,28.55,0,0,33.35,38.1,0,0,0,0,38.1,2.5,0.82,6.5,2,0,0,0,0,0,0,0,0,0,0,1.5,0,0,0,0,0,0,0,0,0,0,0,0,0,0,0,0,0,0,0,0,0,0,0,0,0,0,0,0,0,0,0,0,0,0,0,0,0,0,0,0,0,0,0,0,0,0,0,0,0,0,0,0,0,0,0,0,0,0,0,0,0,0,0,0,0,0,2,0,0,0,0,0,0,0,0,0,0,0.5,0,0,0,0,0,0,0,2.5,0,0,0,0,0
"99","RM REF","Round Marsh","RI","Reference",2021,NA,1,0,0,0,50,0,0,0,50,0,0,2,0.69,2,0,0,0,0,0,0,0,0,0,0,0,0,0,0,0,0,0,0,0,0,0,0,0,0,0,0,0,0,0,0,0,0,0,0,0,0,0,0,0,0,0,0,0,0,0,0,0,0,0,0,0,0,0,0,0,0,0,0,0,0,0,0,0,0,0,0,0,0,0,0,0,0,0,0,0,0,0,0,0,0,0,0,0,0,0,0,1,0,0,0,0,0,0,0,0,0,0,0,0,0,0,0,1
"100","RM REF","Round Marsh","RI","Reference",2023,NA,4.56,8.7,0,0,50.8,32.05,0,0,0,8.4,40.5,4.5,1.23,15.5,7,0,0,0,0,0,0,0,0,0,0,2,0,0,0,0,0,0,0,0,0,0,0,0,0,0,0,0,0,0,0,0,0,0,0,0,0,0,0,0,0,0,2.5,0,0.5,0,0,0,0,0,0,0,0,0,0,0,1,0,0,0,0,0,0,0,0,0,0,0,0,0,0,0,0,0,0,0,0,0,7,0,0,0,0,0,0,0.5,0,0,0,0,0,0,0,0,0,0,0,2,0,0,0,0,0
"101","RM RUN","Round Marsh","RI","Runnel",2021,7,2.2,13.9,0,0,52.8,0,0,0,27.75,5.55,5.55,5,1.46,7.5,0,0,0,0,0,0,0,0,0,0,0,0,0,0,0,0,0,0,0,0,0,0,0,0,0,0,0,0,0,0,1,0,0,0,0,1,0,0,0,0,0,0,0,0,0.5,0,0,0,0,0,0,0,0,0,0,0,0,0,0,0,0,0,0,0,0,0,0,0,0,0,0,0,0,0,0,0,0,3,0,0,0,0,0,0,0,0,1,0,0,0,0,0,0,0,0,0,0,0,0,0,0,0,1
"102","RM RUN","Round Marsh","RI","Runnel",2023,9,3.76,4.55,0,0,60.85,10.1,7.8,0,16.65,0,17.9,4.5,1.21,15.5,8.5,0,0,0,0,0,0,0,1.5,0,0,1,0,0,0,0,0,0,0,0,0,0,0,0,0,0,0,0,0,0,0,0,0,0,0,0,0,0,0,0,0,0,0,0,0,0,0,0,0,0,0,0,0,0,0,0,0,0,0,0,0,0,0,0,0,0,0,0,0,1,0,0,0,0,0,0,0,2,8.5,0,0,0,0,0,0,0,0,0,0,0,0,0,0,0,0,0,0,1.5,0,0,0,0,0
"103","SP NAC","Sapowet","RI","No Action",2022,NA,5,0,0,0,25,75,0,0,0,0,75,2,0.52,5,2,0,0,0,0,0,0,0,0,0,0,0,0,0,0,0,0,0,0,0,0,0,0,0,0,0,0,0,0,0,0,0,0,0,0,0,0,0,0,0,0,0,0,0,0,0,0,0,0,0,0,0,0,0,0,0,2,0,0,0,0,0,0,0,0,0,0,0,0,0,0,0,0,0,0,0,0,0,2,0,0,0,0,0,0,0,0,0,0,0,0,0,0,0,0,0,0,1,0,0,0,0,0
"104","SP NAC","Sapowet","RI","No Action",2023,NA,4.38,12.5,0,0,0,75,0,0,0,12.5,87.5,3,1.04,4,0,0,0,0,0,0,0,0,0,0,0,0.5,0,0,0,0,0,0,0,0,0,0,0,0,0,0,0,0,0,0,0,0,0,0,0,0,0,0,0,0,0,0,0,0,0,0,0,0,0,0,0,0,0,0,0,0,0.5,0,0,0,0,0,0,0,0,0,0,0,0,0,0,0,0,0,0,0,0,0,0,0,1,0,0,0,0,0.5,0,0,0,0,0,0,0,0,0,0,0,1.5,0,0,0,0,0
"105","SP REF","Sapowet","RI","Reference",2022,NA,1.4,49.45,0,0,28.95,0,0,0,21.65,0,0,4.5,1.06,14,4.5,0,0,0,0,1,0,0,0,0,0,4,0,0,0,0,0,0,0,0,0,0,0.5,0,0,0,0,0,0,0,0,0,0,0,0,0,0,0,0,0,0,0,0,0.5,0,0,0,0,0,0,0,0,0,0,0,0,0,0,0,0,0,0,0,0,0,0,0,0,0,0,0,0,0,0,0,0,0,0,4.5,0,0,0,0,0,0,0,1,0,0,1.5,0,0,0,0,0,0,0,0,0,0,0,0,1
"106","SP REF","Sapowet","RI","Reference",2023,NA,4.28,14.45,0,0,82.25,3.35,0,0,0,0,3.35,2.5,0.51,12,10,0,0,0,0,0,0,0,0,0,0,1.5,0,0,0,0,0,0,0,0,0,0,0,0,0,0,0,0,0,0,0,0,0,0,0,0,0,0,0,0,0,0,0,0,0,0,0,0,0,0,0,0,0,0,0,0,0,0,0,0,0,0,0,0,0,0,0,0,0,0,0,0,0,0,0,0,0,0,10,0,0,0,0,0,0,0,0,0,0,0,0,0,0,0,0,0,0,0.5,0,0,0,0,0
"107","SP RUN North","Sapowet","RI","Runnel",2022,0,4.26,15.2,0,0,43.5,23.9,0,0,0,17.4,41.3,6,1.48,14,0,0,0,0,0,0,0,0,0,0,0,0,0,0,0,0,0,0,0,0,0,0,0,0,0,0,0,0,0,0,0,0,0,0,0,0,0,0,0,0,1,0,1,0,6,0,4,0,0,0,0,0,0,0,0,0,0,0,0,0,0,0,0,0,0,0,0,0,0,0,0,0,0,0,0,0,0,0,0,0,0,0,0,0,0,1,0,1,0,0,0,0,0,0,0,0,0,0,0,0,0,0,0
"108","SP RUN North","Sapowet","RI","Runnel",2022,4,2.96,40.95,0,0,38.4,11.95,0,0,0,8.7,20.65,5,1.03,20.5,11,0,0,0,0,0,0,0,0,0,0,4.5,0,0,0,0,0,0,0,0,0,0,0,0,0,0,0,0,0,0,0,0,0,0,0,0.5,0,0,0,0,0,0,0,0,0,0,0,0,0,0,0,0,0,0,0,0,1,0,0,0,0,0,0,0,0,0,0,0.5,0,0,0,0,0,0,0,0,0,0,11,0,0,0,0,0,0,0,0.5,0,0,1,0,0,0,0,0,0,0,1.5,0,0,0,0,0
"109","SP RUN North","Sapowet","RI","Runnel",2023,5,3.07,38.35,0,0,56.2,5.45,0,0,0,0,5.45,4,1.02,22,9,0,0,0,0,0,0,0,0,0,0,8,0,0,0,0,0,0,0,0,0,0,0,0,0,0,0,0,0,0,0,0,0,0,0,0,0,0,0,0,0,0,0,0,0,0,0,0,0,0,0,0,0,0,0,0,0,0,0,0,0,0,0,0,0,0,0,0,0,0,0,0,0,0,0,0,0,1.5,9,0,0,0,0,0,0,0,0,0,0,2.5,0,0,0,0,0,0,0,1,0,0,0,0,0
"110","SP RUN South","Sapowet","RI","Runnel",2023,1,4.66,0,0,0,69.05,30.95,0,0,0,0,30.95,2.5,0.85,6.5,3.5,0,0,0,0,0,0,0,0,0,0,0,0,0,0,0,0,0,0,0,0,0,0,0,0,0,0,0,0,0,0,0,0,0,0,0,0,0,0,0,0,0,0,0,0,0,0,0,0,0,0,0,0,0,0,0,0,0,0,0,0,0,0,0,0,0,0,0,0,0,0,0,0,0,0,0,0,1,3.5,0,0,0,0,0,0,0,0,0,0,0,0,0,0,0,0,0,0,2,0,0,0,0,0
"111","WPF NAC","Weekapaug Foundation","RI","No Action",2021,NA,3.89,0,0,0,55.6,44.4,0,0,0,0,44.4,3,1,9,0,0,0,0,0,0,0,0,0,0,0,0,0,0,0,0,0,0,0,0,0,0,0,0,0,0,0,0,0,0,0,0,0,0,0,0,0,0,0,0,0,0,0,0,0,0,2,0,0,0,0,0,0,0,0,0,0,0,0,0,0,0,0,0,0,0,0,0,0,0,0,0,0,0,0,0,0,5,0,0,0,0,0,0,0,0,0,0,0,0,0,0,0,0,0,0,0,2,0,0,0,0,0
"112","WPF NAC","Weekapaug Foundation","RI","No Action",2023,NA,4.81,0,0,0,9.6,19.15,0,0,0,71.25,90.4,4,1.08,11.5,0,0,0,0,0,0,0,0,0,0,0,0,0,0,0,0,0,0,0,0,0,0,0,0,0,0,0,0,0,0,0,0,0,0,0,0,0,0,0,0,0,0,0,0,7,0,0,0,0,0,0,0,0,0,0,0,0,0,0,0,0,0,0,0,0,0,0,0,0,0,0,0,0,0,0,0,0,1,0,0,0,0,0.5,0,0,1.5,0,0,0,0,0,0,0,0,0,0,0,1.5,0,0,0,0,0
"113","WPF RUN","Weekapaug Foundation","RI","Runnel",2021,4,2.2,0,0,0,60,0,0,0,40,0,0,2,0.67,5,0,0,0,0,0,0,0,0,0,0,0,0,0,0,0,0,0,0,0,0,0,0,0,0,0,0,0,0,0,0,0,0,0,0,0,0,0,0,0,0,0,0,0,0,0,0,0,0,0,0,0,0,0,0,0,0,0,0,0,0,0,0,0,0,0,0,0,0,0,0,0,0,0,0,0,0,0,3,0,0,0,0,0,0,0,0,0,0,0,0,0,0,0,0,0,0,0,0,0,0,0,0,2
"114","WPF RUN","Weekapaug Foundation","RI","Runnel",2023,6,3.39,5.55,10,0,46.65,37.8,0,0,0,0,37.8,3.5,1.08,7,0,0,0,0,0,0,0,0,0,0,0,0.5,0,0,0,0,0,0,0,0,0,0,0,0,0,0,0,0,0,0,0,0,0,0,0,0,0,0,0,0,0,0,0,0,0,0,0.5,0,0,0,0,0,0,0,0,0,0,0,0,0,0,0,0,0,0,0,0,0,0,0,0,0,0,0,0,0,0,3,0,0,0,0.5,0,0,0,0,0,0,0,0,0,0,0,0,0,0,0,2.5,0,0,0,0,0
"115","WPTL NAC","Winnapaug Town Land","RI","No Action",2021,NA,2.33,0,0,0,66.7,0,0,0,33.3,0,0,2,0.64,3,0,0,0,0,0,0,0,0,0,0,0,0,0,0,0,0,0,0,0,0,0,0,0,0,0,0,0,0,0,0,0,0,0,0,0,0,0,0,0,0,0,0,0,0,0,0,0,0,0,0,0,0,0,0,0,0,0,0,0,0,0,0,0,0,0,0,0,0,0,0,0,0,0,0,0,0,0,2,0,0,0,0,0,0,0,0,0,0,0,0,0,0,0,0,0,0,0,0,0,0,0,0,1
"116","WPTL NAC","Winnapaug Town Land","RI","No Action",2023,NA,2.6,47.9,0,0,6.25,37.5,8.35,0,0,0,45.85,4,1.2,7,0,0,0,0,0,0,0,0,0,0,0,3.5,0,0,0,0,0,0,0,0,0,0,0,0,0,0,0.5,0,0,0,0,0,0,0,0,0,0,0,0,0,0,0,0,0,0,0,0,0,0,0,0,0,0,0,0.5,0,1,0,0,0,0,0,0,0,0,0,0,0,0,0.5,0,0,0,0,0,0,0,0,0,0,0,0,0,0,0,0,0,0,0,0,0,0,0,0,0,0,0,1,0,0,0,0,0
"117","WPTL REF","Winnapaug Town Land","RI","Reference",2021,NA,2.75,0,0,25,62.5,0,0,0,12.5,0,25,4,1.32,8,0,0,0,0,0,0,0,0,0,0,0,0,0,0,0,0,0,0,0,0,0,0,0,0,0,0,0,0,0,0,0,0,0,0,0,0,0,0,0,0,0,0,0,0,0,0,0,0,0,0,0,0,0,0,0,0,0,0,0,0,0,0,2,0,0,0,0,0,0,0,0,0,0,0,0,0,0,3,0,0,0,0,0,0,0,0,2,0,0,0,0,0,0,0,0,1,0,0,0,0,0,0,0
"118","WPTL REF","Winnapaug Town Land","RI","Reference",2023,NA,2.09,35.7,0,0,14.9,12.5,0,0,24.4,12.5,25,4.5,1.33,12.5,1,0,0,0,0,0,0,0,0,0,0,5.5,0,0,0,0,0,0,0,0,0,0,0,0,0,0,0,0,3,0,0,0,0,0,0,0,0,0,0,0,0,0,0,0,0.5,0,0,0,0,0,0,0,0,0,0.5,0,0,0,0,0,0,0,0,0,0,0,0,0,0,0,0,0,1,0,0,0,0,0,1,0,0,0,0,0,0,0,0,0,0,1,0,0,0,0,0,0,0,0,0,0,0,0,0
"119","WPTL RUN","Winnapaug Town Land","RI","Runnel",2021,8,1.83,0,0,0,50,0,0,0,50,0,0,3,1.01,6,0,0,0,0,0,0,0,0,0,0,0,0,0,0,0,0,0,0,0,0,0,0,0,0,0,0,0,0,0,0,0,0,0,0,0,0,0,0,0,0,0,0,0,0,0,0,0,0,0,0,0,0,0,0,0,0,0,0,0,0,0,0,0,0,1,0,0,0,0,0,0,0,0,0,0,0,0,3,0,0,0,0,0,0,0,0,0,0,0,0,0,0,0,0,0,0,0,0,0,0,0,0,2
"120","WPTL RUN","Winnapaug Town Land","RI","Runnel",2023,10,2.64,22.2,0,0,52.2,0,25.55,0,0,0,25.55,3,1,7,0,0,0,0,0,0,0,0,0,0,0,2,0,0,0,0,0,0,0,0,0,0,0,0,0,0,0,0,0,0,0,0,0,0,0,0,0,0,0,0,0,0,0,0,0,0,0,0,0,0,0,0,0,0,0,0,0,0,0,0,0,0,0,0,0,0,0,0,0,1.5,0,0,0,0,0,0,0,3,0,0,0,0,0,0,0,0,0.5,0,0,0,0,0,0,0,0,0,0,0,0,0,0,0,0
